gene_1,gene_2
b0001,b0002
b0002,b0003
b0003,b0004
b0006,b0007
b0008,b0009
b0010,b0011
b0014,b0015
b0015,b0016
b0019,b0020
b0024,b0025
b0025,b0026
b0026,b0027
b0027,b0028
b0028,b0029
b0029,b0030
b0030,b0031
b0032,b0033
b0035,b0036
b0036,b0037
b0037,b0038
b0038,b0039
b0039,b0040
b0041,b0042
b0042,b0043
b0044,b0045
b0045,b0046
b0047,b0048
b0049,b0050
b0050,b0051
b0052,b0053
b0053,b0054
b0058,b0059
b0059,b0060
b0060,b0061
b0062,b0063
b0064,b0065
b0068,b4762
b4762,b0069
b4662,b0070
b0071,b0072
b0072,b0073
b0073,b0074
b0074,b0075
b0077,b0078
b0078,b0080
b0081,b0082
b0083,b0084
b0087,b0088
b0088,b0089
b0090,b0091
b0092,b0093
b0094,b0095
b0095,b0096
b0097,b0098
b0098,b0099
b0101,b0102
b0102,b0103
b4727,b0104
b0107,b0108
b0113,b0114
b0114,b0115
b0118,b0119
b0120,b0121
b0121,b0122
b0128,b0129
b0129,b0130
b0133,b0134
b0134,b0135
b0135,b0136
b0136,b0137
b0137,b0138
b0138,b0139
b0139,b0140
b0140,b0141
b0143,b0144
b0144,b0145
b0145,b0146
b0146,b0147
b0148,b0149
b0150,b0151
b0151,b0152
b4765,b0155
b0155,b4728
b0157,b0158
b0160,b0161
b0161,b0162
b0163,b0164
b0164,b0166
b0166,b0167
b0167,b0168
b4414,b0169
b0170,b0171
b0172,b0173
b0173,b0174
b0174,b0175
b0175,b0176
b0176,b0177
b0177,b0178
b0178,b0179
b0179,b0180
b0180,b0181
b0181,b0182
b0183,b0184
b0184,b0185
b0185,b0186
b0186,b0187
b0187,b0188
b0191,b0192
b0193,b0194
b0194,b0195
b0196,b0197
b0197,b0198
b0201,b0202
b0202,b0203
b0203,b0204
b0204,b0205
b0205,b0206
b0206,b0207
b0209,b0210
b0211,b0212
b0215,b0216
b0224,b0225
b0225,b0226
b0227,b0228
b0231,b0232
b0232,b0233
b0233,b0234
b0238,b0239
b0242,b0243
b0243,b0244
b0245,b0246
b0246,b4504
b4504,b0247
b0247,b0248
b0248,b0249
b0249,b0250
b0250,b0251
b0252,b0253
b4690,b0258
b0266,b0267
b0268,b0269
b0270,b0271
b0272,b0273
b0278,b0279
b0279,b4729
b0280,b0281
b0283,b0284
b0291,b0292
b0292,b0293
b0293,b0294
b4506,b0296
b0301,b0303
b0303,b0304
b0306,b0307
b0311,b0312
b0312,b0313
b0316,b0317
b0318,b0319
b0320,b0321
b0321,b0322
b0322,b0323
b0323,b0324
b0333,b0334
b0334,b0335
b0339,b0340
b0340,b0341
b0342,b0343
b0343,b0344
b0344,b0345
b0345,b0346
b0347,b0348
b0348,b0349
b0349,b0350
b0353,b0354
b0355,b0356
b0356,b0357
b0357,b0358
b0365,b0366
b4767,b0372
b0377,b0378
b0382,b0383
b0383,b0384
b0384,b0385
b0387,b0388
b0388,b0389
b0390,b0391
b0396,b0397
b0399,b0400
b0401,b0402
b0402,b0403
b0405,b0406
b0406,b0407
b0407,b0408
b0408,b0409
b0409,b0410
b0413,b0414
b0414,b0415
b0415,b0416
b0416,b0417
b0419,b0420
b0420,b0421
b0421,b0422
b0427,b0428
b0428,b0429
b0429,b0430
b0431,b0432
b0433,b0434
b0437,b0438
b0438,b0439
b0440,b0441
b0441,b0442
b0442,b0443
b0444,b0445
b0446,b0447
b0447,b0448
b0449,b0450
b0450,b0451
b0455,b0456
b0457,b0458
b0458,b0459
b0459,b0460
b0460,b0461
b0462,b0463
b0464,b0465
b0466,b0467
b0468,b0469
b0469,b0470
b0470,b0471
b0471,b0472
b0472,b0473
b0473,b0474
b0485,b0486
b0486,b0487
b0492,b0493
b0497,b0498
b0502,b0503
b0503,b0504
b0505,b0506
b0506,b0507
b0507,b0508
b0508,b0509
b0509,b0511
b0511,b0512
b0512,b0513
b0513,b0514
b0515,b0516
b0516,b0517
b0518,b4572
b4572,b0520
b0523,b0524
b0524,b0525
b0527,b0528
b0528,b0529
b0531,b0532
b0532,b0533
b0533,b0534
b0543,b4733
b4733,b0544
b0545,b0546
b0546,b4588
b0547,b0548
b4509,b0551
b0554,b0555
b0560,b0561
b0566,b0567
b0567,b0568
b0569,b0570
b0572,b0573
b0573,b0574
b0574,b0575
b0575,b0576
b0577,b0578
b0578,b0579
b0579,b0580
b0580,b0581
b4700,b4415
b4415,b0582
b0583,b0584
b0585,b4511
b0593,b0594
b0594,b0595
b0595,b0596
b0596,b0597
b0597,b0598
b0598,b4512
b0602,b0603
b4734,b0610
b0611,b0612
b0612,b0613
b0614,b0615
b0615,b0616
b0617,b0618
b0622,b0623
b0630,b0631
b0631,b0632
b0632,b0633
b0633,b0634
b0634,b0635
b0635,b0636
b0636,b0637
b0638,b0639
b0639,b0640
b0640,b0641
b0641,b0642
b0650,b0651
b0651,b0652
b0652,b0653
b0653,b0654
b0654,b4763
b0657,b0658
b0658,b0659
b0660,b0661
b0664,b0665
b0665,b0666
b0666,b0668
b0668,b0670
b0670,b0672
b0672,b0673
b0675,b0676
b0676,b0677
b0677,b0678
b0681,b0682
b0684,b0685
b0685,b0686
b0687,b0688
b0696,b0697
b0697,b0698
b0698,b4513
b0700,b0702
b0706,b0707
b0710,b0711
b0713,b0714
b0715,b0716
b0717,b0718
b0718,b0719
b0720,b4768
b0722,b0723
b0723,b0724
b0726,b0727
b0728,b0729
b0729,b4764
b0731,b0732
b0733,b0734
b0734,b4515
b4515,b0735
b0735,b0736
b0737,b0738
b0738,b0739
b0739,b0740
b0740,b0741
b0741,b0742
b0742,b0743
b0743,b0744
b0744,b0745
b0745,b0746
b0746,b0747
b0747,b0748
b0748,b0749
b0750,b0751
b0752,b0753
b0757,b0758
b0758,b0759
b0760,b0761
b0762,b0763
b0763,b0764
b0764,b0765
b0769,b0770
b0770,b0771
b0772,b0773
b0773,b0774
b0781,b0782
b0782,b0783
b0784,b0785
b0785,b0786
b0788,b0789
b0792,b0793
b0795,b0796
b0799,b0800
b0800,b0801
b0801,b4769
b0803,b0804
b0804,b0805
b0810,b0811
b4736,b0814
b0815,b4416
b0821,b0822
b0822,b0823
b0823,b0824
b0826,b0827
b0829,b0830
b0830,b0831
b0831,b0832
b0832,b0833
b0833,b0834
b0836,b0837
b0840,b0841
b0843,b0844
b0844,b0845
b4417,b0847
b0851,b0852
b0852,b0853
b0854,b0855
b0855,b0856
b0857,b0858
b0858,b0859
b0861,b0862
b0862,b0863
b0863,b0864
b0868,b0869
b0869,b0870
b0870,b0871
b0871,b0872
b0872,b0873
b0873,b0874
b4770,b0881
b0881,b0882
b0885,b0886
b0886,b0887
b0887,b0888
b0889,b0890
b0890,b0891
b0891,b0892
b0892,b0893
b0894,b0895
b0895,b0896
b0902,b0903
b0903,b0904
b0906,b0907
b0907,b0908
b0908,b0909
b0909,b0910
b0910,b0911
b0911,b0912
b0913,b0914
b0915,b0916
b0916,b0917
b0918,b0919
b0923,b0924
b0925,b0926
b0926,b0927
b0928,b0929
b0930,b0931
b0934,b0935
b0938,b0939
b0939,b0940
b0941,b0942
b0942,b0943
b0944,b0945
b0945,b0946
b0948,b0949
b0949,b0950
b0950,b0951
b0954,b0955
b0960,b0961
b0963,b0964
b0966,b0967
b0969,b0970
b0973,b0974
b0977,b0978
b0978,b0979
b0979,b4592
b4592,b0980
b0981,b0982
b0983,b0984
b0984,b0985
b0986,b0987
b0990,b4723
b0992,b0993
b0996,b0997
b0999,b1000
b1003,b1004
b1006,b1007
b1007,b1008
b1008,b1009
b1009,b1010
b1010,b1011
b1011,b1012
b4737,b1015
b1018,b1019
b1021,b1022
b1023,b1024
b1033,b1034
b1034,b1035
b1035,b1036
b1037,b1038
b1038,b1039
b1039,b1040
b1041,b1042
b1042,b1043
b1043,b1044
b1044,b1045
b1045,b1046
b1049,b1050
b1051,b1053
b1053,b1054
b1056,b1057
b1058,b1059
b1059,b1060
b1061,b1062
b1062,b1063
b1063,b1064
b1064,b1065
b1066,b1067
b1067,b1068
b1068,b1069
b1070,b1071
b1071,b1072
b1073,b1074
b1074,b1075
b1075,b1076
b1076,b1077
b1077,b1078
b1078,b1079
b1079,b1080
b1080,b1081
b1081,b1082
b1082,b1083
b1085,b1086
b4418,b1088
b1088,b1089
b1089,b1090
b1090,b1091
b1091,b1092
b1092,b1093
b1094,b1095
b1095,b1096
b1096,b1097
b1099,b1100
b1103,b1104
b1104,b1105
b1106,b1107
b1107,b1108
b1113,b1114
b1114,b1115
b1117,b1118
b1118,b1119
b1119,b1120
b1122,b1123
b1125,b1126
b1128,b1129
b1129,b1130
b1130,b1131
b1131,b1132
b1132,b1133
b1133,b1134
b1134,b1135
b1137,b1138
b1141,b1142
b1144,b1145
b1146,b1147
b1148,b1149
b1149,b1150
b1150,b1151
b1153,b1154
b1154,b1155
b1158,b1159
b4739,b1161
b1164,b1165
b1165,b1166
b1166,b1167
b1168,b4520
b1171,b1172
b1172,b4593
b1174,b1175
b1175,b1176
b1179,b1180
b1180,b1181
b1183,b1184
b1185,b1186
b1189,b1190
b1191,b1192
b1195,b1196
b1198,b1199
b1199,b1200
b1203,b1204
b1206,b1207
b1207,b1208
b1208,b1209
b1210,b1211
b1211,b1212
b1213,b1214
b1214,b1215
b1217,b1218
b1226,b1227
b1227,b1228
b1229,b1230
b1231,b1232
b1232,b1233
b1234,b1235
b4771,b1242
b1243,b1244
b1244,b1245
b1245,b1246
b1248,b1249
b1253,b1254
b1254,b1255
b1257,b1258
b1258,b1259
b1260,b1261
b1261,b1262
b1262,b1263
b1263,b1264
b1264,b1265
b1267,b1268
b4522,b4523
b4523,b4741
b4741,b1276
b1278,b1279
b1279,b1280
b1280,b1281
b1281,b1282
b1284,b4596
b1286,b1287
b1287,b1288
b1289,b1290
b1290,b1291
b1291,b1292
b1295,b1296
b4742,b1297
b1298,b1299
b1300,b1301
b1301,b1302
b1304,b1305
b1305,b1306
b1306,b1307
b1307,b1308
b1309,b1310
b1310,b1311
b1312,b1313
b1313,b1314
b1314,b1315
b1322,b1323
b1326,b4525
b4525,b4673
b4673,b1327
b1333,b1334
b1334,b1335
b1335,b1336
b1336,b1337
b1337,b1338
b4773,b1342
b1342,b4699
b4699,b4743
b4743,b1343
b1344,b1345
b1345,b1346
b1346,b1347
b1348,b1349
b1350,b1351
b1351,b4526
b4526,b1352
b4527,b1355
b1357,b1358
b1358,b1359
b1359,b1360
b1360,b1361
b1361,b4528
b4528,b1363
b1363,b1365
b1372,b1373
b1375,b4744
b1376,b1377
b1379,b1380
b1382,b1383
b1388,b1389
b1389,b1390
b1390,b1391
b1391,b1392
b1393,b1394
b1394,b1395
b1396,b1397
b1397,b1398
b1398,b1399
b1406,b1407
b1407,b1408
b1408,b1409
b1409,b1410
b1410,b1411
b1414,b1415
b1419,b4774
b1424,b1426
b1426,b1427
b1434,b1435
b4532,b1438
b1438,b1439
b1440,b1441
b1441,b1442
b1443,b1444
b1445,b1446
b1449,b1450
b1454,b1455
b1460,b1461
b1464,b1465
b1466,b1467
b1468,b1469
b1471,b1472
b1474,b1475
b1477,b1478
b1478,b1479
b1479,b1480
b1480,b1481
b1486,b1487
b1487,b1488
b1489,b1490
b1490,b4746
b1491,b1492
b1492,b1493
b1494,b1495
b1495,b1496
b1497,b1498
b1499,b1500
b1502,b1503
b1503,b1504
b1504,b1505
b1507,b1508
b1511,b1512
b1514,b1515
b1515,b1516
b1516,b1517
b1517,b1518
b1518,b1519
b1522,b1523
b1523,b1524
b1524,b1525
b1526,b1527
b1527,b1528
b1530,b1531
b1531,b1532
b1534,b4599
b4599,b4775
b4698,b1535
b1539,b1540
b1540,b1541
b1542,b1543
b4748,b1544
b1546,b1547
b4533,b1549
b1550,b1551
b1551,b4749
b4749,b4724
b4724,b1552
b4689,b1554
b1555,b1556
b1558,b4750
b1559,b1560
b1562,b1563
b1563,b1564
b1567,b1568
b1570,b1571
b1571,b1572
b1572,b1573
b1574,b1575
b4534,b1580
b1580,b1581
b1583,b1584
b1586,b1587
b1587,b1588
b1588,b1589
b1589,b1590
b1590,b1591
b1591,b1592
b1593,b1594
b1594,b1595
b1597,b4601
b4601,b1598
b1600,b4777
b1602,b1603
b1604,b1605
b1605,b1606
b1608,b1609
b1609,b1610
b1611,b1612
b1613,b1614
b1615,b1616
b1619,b1620
b1621,b1622
b1622,b1623
b1625,b1626
b1626,b1627
b1627,b1628
b1629,b1630
b1630,b1631
b1631,b1632
b1632,b1633
b1634,b1635
b1636,b1637
b1637,b1638
b1638,b1639
b1639,b1640
b1643,b1644
b1644,b1645
b1646,b1647
b1647,b1648
b1649,b1650
b1650,b1651
b1651,b1652
b1652,b1653
b1655,b1656
b1657,b4602
b1665,b1666
b1666,b1667
b1667,b1668
b1669,b1670
b1671,b1672
b1672,b1673
b1673,b1674
b1678,b1679
b1679,b1680
b1682,b1683
b1683,b1684
b4430,b1685
b1685,b1686
b1688,b4431
b4431,b1689
b1689,b1690
b1691,b1692
b1692,b1693
b1693,b1694
b1694,b1695
b1697,b1698
b1698,b1699
b1700,b1701
b1703,b1704
b1704,b1705
b1706,b1707
b1708,b1709
b1709,b1710
b1710,b1711
b1711,b1712
b1712,b1713
b1713,b1714
b1715,b1716
b1716,b1717
b1717,b1718
b1718,b1719
b1723,b1724
b1724,b1725
b1727,b1728
b1728,b1729
b1733,b1734
b1734,b1735
b1735,b1736
b1736,b1737
b1737,b1738
b1749,b1750
b1750,b1751
b1751,b1752
b1752,b1753
b1753,b1754
b1755,b1756
b1756,b1757
b1762,b1763
b1763,b1764
b1764,b1765
b1766,b1767
b1767,b1768
b1769,b1770
b1770,b1771
b1771,b1772
b1772,b1773
b1773,b1774
b1774,b1775
b1775,b1776
b1777,b1778
b1779,b1780
b1781,b1782
b1783,b1784
b1784,b1785
b1785,b1786
b1786,b1787
b1791,b1792
b1794,b4676
b4676,b4675
b1795,b1796
b1796,b1797
b1797,b1798
b1798,b1799
b1800,b1801
b1801,b1802
b1802,b1803
b1804,b1805
b1806,b1807
b1807,b1808
b1812,b1813
b1813,b1814
b1814,b1815
b1817,b1818
b1818,b1819
b1819,b1820
b1822,b1823
b1823,b1824
b1825,b1826
b1829,b1830
b1830,b1831
b1831,b1832
b1834,b1835
b1835,b1836
b1836,b1837
b4433,b1839
b1839,b1840
b1840,b1841
b1842,b1843
b1843,b1844
b1847,b1848
b1850,b1851
b1853,b1854
b1855,b1856
b1856,b1857
b1860,b1861
b1861,b4677
b1863,b1864
b1864,b1865
b1865,b1866
b1868,b1869
b1869,b1870
b1872,b1873
b4717,b1874
b1874,b1875
b1878,b1879
b1881,b1882
b1882,b1883
b1883,b1884
b1884,b1885
b1885,b1886
b1886,b1887
b1887,b1888
b1888,b1889
b1890,b1891
b1891,b1892
b1897,b4460
b4460,b1900
b1900,b1901
b4537,b4663
b1904,b1905
b1908,b4759
b4759,b1909
b1909,b1910
b1910,b1911
b1911,b1912
b1912,b1913
b1918,b1919
b1919,b1920
b1920,b1921
b1921,b1922
b1924,b1925
b1925,b1926
b1926,b1927
b1930,b1931
b1931,b1932
b1940,b1941
b1941,b1942
b1943,b1944
b1944,b1945
b1946,b1947
b1947,b1948
b1948,b1949
b1949,b1950
b1956,b1957
b1957,b1958
b1961,b1962
b1962,b1963
b1968,b1969
b1970,b1971
b1971,b1972
b1976,b1977
b1981,b1982
b1984,b1985
b1987,b1988
b1990,b1991
b1991,b1992
b4435,b2000
b2000,b2001
b2002,b2003
b2003,b2004
b2004,b2005
b2007,b2008
b2008,b2009
b2009,b2010
b2012,b2013
b2013,b2014
b2015,b2016
b2016,b4539
b2018,b2019
b2019,b2020
b2021,b2022
b2022,b2023
b2023,b2024
b2027,b2028
b2034,b2035
b2035,b2036
b2036,b2037
b2038,b2039
b2039,b2040
b2040,b2041
b2042,b2043
b2043,b2044
b2046,b2047
b2047,b2048
b2048,b2049
b2049,b2050
b2051,b2052
b2052,b2053
b2053,b2054
b2054,b2055
b2055,b2056
b2058,b2059
b2059,b2060
b2060,b2061
b2061,b2062
b2064,b2065
b2065,b2066
b2074,b2075
b2075,b2076
b2076,b2077
b2079,b2080
b2080,b2081
b2081,b4438
b2093,b2094
b2094,b2095
b2095,b2096
b2101,b2102
b2102,b2103
b2108,b2109
b2109,b2110
b2110,b2111
b2114,b2115
b2118,b4541
b2119,b2120
b2124,b2125
b2127,b4542
b2128,b2129
b2130,b2131
b2134,b2135
b2142,b2143
b2143,b2144
b2144,b2145
b2145,b2146
b2148,b2149
b2149,b2150
b2151,b2152
b2152,b2153
b2158,b2159
b2159,b2160
b2161,b2162
b2164,b2165
b2167,b2168
b2168,b2169
b2172,b2173
b2173,b2174
b2175,b2176
b2176,b2177
b2177,b2178
b2178,b2179
b2179,b2180
b2182,b2183
b2184,b2185
b2187,b2188
b2188,b2189
b2199,b2200
b2201,b2202
b2202,b2203
b2205,b2206
b4604,b2209
b2211,b2212
b2212,b2213
b2213,b2214
b2214,b2215
b2216,b2217
b2220,b2221
b2221,b2222
b2223,b2224
b2225,b2226
b2230,b2231
b2235,b2236
b2239,b2240
b2243,b2244
b2245,b2246
b2246,b2247
b2247,b2248
b2249,b2250
b2253,b2254
b2254,b2255
b2256,b2257
b4544,b2258
b2259,b2260
b2261,b2262
b2262,b2263
b2264,b2265
b2265,b2266
b2266,b2267
b2268,b2269
b2271,b2272
b2274,b2275
b2276,b2277
b2277,b2278
b2280,b2281
b2281,b2282
b2283,b2284
b2285,b2286
b2286,b2287
b2287,b2288
b2290,b2291
b2292,b2293
b2293,b2294
b2294,b2295
b2296,b2297
b2297,b2298
b2299,b2300
b2300,b2301
b2302,b2303
b2303,b2304
b2305,b2306
b2306,b2307
b2308,b2309
b2311,b2312
b2312,b2313
b2315,b2316
b2316,b2317
b2317,b2318
b2318,b2319
b2319,b2320
b2325,b2326
b2326,b2327
b2327,b2328
b2328,b2329
b2329,b2330
b2332,b2333
b2335,b2336
b2341,b2342
b2342,b2343
b2347,b2348
b2348,b2349
b2349,b2350
b2356,b2357
b2359,b2360
b2360,b2361
b2362,b2363
b4545,b4501
b2365,b2366
b2367,b2368
b2369,b2370
b2371,b2372
b2372,b2373
b2373,b2374
b2380,b2381
b2381,b2382
b2383,b2384
b2384,b2385
b2385,b2386
b2386,b2387
b2389,b2390
b2393,b2394
b2396,b2397
b2398,b2399
b2401,b2402
b2402,b2403
b2403,b2404
b2406,b2407
b4546,b2411
b2411,b2412
b2413,b2414
b2415,b2416
b2416,b2417
b2419,b2420
b2421,b2422
b2423,b2424
b2424,b2425
b2426,b2427
b2428,b2429
b2429,b2430
b2431,b2432
b2432,b2433
b2435,b2436
b2437,b2438
b2438,b2439
b2439,b2440
b2440,b2441
b2442,b2443
b2444,b2445
b2445,b2446
b2448,b2449
b2449,b2450
b2454,b2455
b2455,b2456
b2456,b2457
b2457,b2458
b2461,b2462
b2464,b2465
b2466,b2467
b2467,b2468
b2469,b2470
b2471,b2472
b2472,b4547
b2473,b2474
b2474,b2475
b2475,b2476
b2477,b2478
b2479,b2480
b2481,b2482
b2482,b2483
b2483,b2484
b2484,b2485
b2485,b2486
b2487,b2488
b2490,b2491
b2491,b2492
b2494,b2495
b2496,b2497
b2497,b2498
b2499,b2500
b2500,b2501
b2501,b2502
b2505,b2506
b2507,b2508
b2510,b2511
b2511,b2512
b2512,b2513
b2513,b2514
b2514,b4761
b4761,b2515
b2515,b2516
b2517,b2518
b2518,b2519
b2519,b2520
b2522,b2523
b2523,b2524
b2524,b2525
b2525,b2526
b2526,b2527
b2527,b2528
b2528,b2529
b2529,b2530
b2530,b2531
b2533,b2534
b2534,b2535
b2536,b4706
b2539,b2540
b2541,b2542
b2542,b2543
b2544,b2545
b2545,b2546
b2546,b2547
b2547,b2548
b2548,b2549
b2553,b2554
b2555,b2556
b2556,b4441
b2559,b2560
b2561,b2562
b2563,b2564
b2564,b2565
b2565,b2566
b2568,b2569
b2569,b2570
b2571,b2572
b2572,b2573
b2582,b2583
b2583,b2584
b2584,b4782
b2585,b2586
b2588,b2589
b2589,b2590
b2590,b2591
b4609,b2593
b2597,b2598
b2598,b2599
b2600,b2601
b2602,b2603
b2604,b2605
b2606,b2607
b2607,b2608
b2608,b2609
b2611,b4461
b2615,b2616
b2616,b2617
b2624,b2625
b2625,b2626
b2632,b2633
b2634,b2635
b2635,b2636
b2636,b2637
b2643,b2644
b2644,b4548
b4548,b2645
b2645,b2646
b2649,b2650
b2659,b2660
b2660,b2661
b2661,b2662
b2663,b2664
b2665,b2666
b2667,b2668
b2675,b2676
b2678,b2679
b2683,b2684
b2684,b2685
b2685,b2686
b2688,b2689
b2691,b2692
b2692,b2693
b2693,b2694
b2694,b2695
b2697,b2698
b2698,b2699
b2699,b2700
b2700,b2701
b2703,b2704
b2704,b2705
b2705,b2706
b2706,b2707
b2712,b2713
b2713,b2714
b2715,b2716
b2719,b2720
b2720,b2721
b2721,b2722
b2722,b2723
b2724,b2725
b2726,b2727
b2728,b2729
b2730,b2731
b2733,b2734
b2737,b2738
b2738,b2739
b2739,b2740
b2741,b2742
b2742,b2743
b2746,b2747
b2747,b2748
b2748,b2749
b2749,b2750
b2750,b2751
b2751,b2752
b2754,b2755
b2755,b2756
b2757,b2758
b2758,b2759
b2762,b2763
b2763,b2764
b2765,b2766
b2767,b2768
b2771,b4463
b4463,b2774
b2775,b2776
b4682,b2778
b2779,b2780
b2781,b2782
b2782,b2783
b2783,b2784
b2784,b2785
b2787,b2788
b2788,b2789
b2790,b2791
b2791,b2792
b2792,b4408
b2794,b2795
b2796,b2797
b2797,b2798
b2799,b2800
b2801,b2802
b2802,b2803
b2803,b2804
b2804,b2805
b2807,b2808
b2810,b2811
b2814,b2815
b2815,b2816
b2819,b2820
b2821,b2822
b2822,b2823
b2826,b2827
b2827,b2828
b2828,b2829
b2829,b2830
b2831,b2832
b2832,b2833
b2833,b2834
b2836,b4444
b4444,b4445
b2840,b2841
b2842,b2843
b4683,b2849
b2852,b2853
b2863,b2864
b2864,b2865
b2866,b2867
b2870,b2871
b2871,b2872
b2872,b2873
b2873,b2874
b2875,b2876
b2878,b2879
b2879,b2880
b2881,b2882
b2882,b2883
b2883,b4464
b2886,b2887
b2888,b4684
b2890,b2891
b2891,b2892
b2892,b2893
b2893,b2894
b2899,b2900
b2903,b2904
b2904,b2905
b2906,b2907
b2908,b2909
b2910,b2911
b2911,b2912
b2912,b4446
b2918,b2919
b2919,b2920
b2921,b2922
b2922,b2923
b2923,b2924
b2926,b2927
b2929,b2930
b4465,b2933
b2933,b2934
b2937,b2938
b2938,b2939
b2939,b4784
b2943,b2944
b2944,b2945
b2945,b2946
b2946,b2947
b2947,b2948
b2948,b2949
b2951,b2952
b2953,b2954
b2956,b2957
b2957,b2958
b2958,b2959
b2959,b2960
b2961,b2962
b2962,b2963
b2965,b4785
b2966,b2967
b2968,b2969
b2970,b2971
b2971,b2972
b2972,b4466
b2976,b2977
b2977,b4467
b4467,b4468
b4468,b2979
b2983,b2984
b2984,b2985
b2990,b2991
b2993,b2994
b2996,b2997
b2997,b2998
b3005,b3006
b3008,b3009
b3011,b3012
b3013,b3014
b4469,b3017
b3017,b3018
b3019,b3020
b3020,b3021
b3021,b3022
b3023,b3024
b3028,b3029
b3030,b3031
b3031,b3032
b3032,b3033
b3033,b3034
b3035,b3037
b3037,b3038
b3047,b3048
b3050,b3051
b3052,b3053
b3053,b3054
b3055,b3056
b3057,b3058
b3062,b3063
b3065,b3066
b3066,b3067
b3075,b3076
b3077,b3078
b3078,b3079
b3079,b3080
b3085,b3086
b3086,b3087
b3090,b3091
b3091,b3092
b3093,b3094
b4787,b3095
b3095,b3096
b3096,b3097
b3097,b3098
b3098,b3099
b3100,b3101
b3101,b3102
b3106,b3107
b4470,b3110
b4471,b3113
b3113,b3114
b3114,b3115
b3115,b3116
b3116,b3117
b3117,b3118
b3120,b3121
b3123,b3124
b3124,b3125
b3125,b3126
b3126,b3127
b3128,b3129
b3129,b3130
b3132,b3133
b3136,b3137
b3137,b3138
b3138,b3139
b3140,b3141
b3142,b3143
b3143,b3144
b3144,b3145
b3148,b3149
b3149,b3150
b3151,b3152
b3158,b3159
b3159,b3160
b3161,b3162
b4685,b3163
b3163,b3164
b3165,b3166
b3166,b3167
b3167,b3168
b3168,b3169
b3169,b3170
b3174,b3175
b3177,b3178
b3178,b3179
b3183,b3184
b3184,b3185
b3185,b3186
b3189,b3190
b3190,b3191
b3191,b3192
b3192,b3193
b3193,b3194
b3194,b3195
b3196,b3197
b3197,b3198
b3200,b3201
b3201,b3202
b3202,b3203
b3203,b3204
b3204,b3205
b3210,b3211
b3212,b3213
b3214,b3215
b3215,b3216
b3219,b3220
b3223,b3224
b3224,b3225
b3225,b3226
b3228,b3229
b3230,b3231
b3233,b3234
b3234,b3235
b3239,b3240
b3240,b3241
b3241,b3242
b4472,b3247
b3248,b3249
b3249,b3250
b3250,b3251
b3255,b3256
b3256,b3257
b3258,b3259
b3260,b3261
b3261,b3262
b3262,b3263
b3265,b3266
b3269,b3270
b3270,b3271
b3272,b3273
b3273,b3274
b3274,b3275
b3275,b3276
b3276,b3277
b3277,b3278
b3281,b3282
b3282,b3283
b3283,b3284
b3287,b3288
b3288,b3289
b3289,b3290
b3290,b3291
b4550,b3292
b3292,b3293
b3293,b3294
b3294,b3295
b3295,b3296
b3296,b3297
b3297,b3298
b3298,b3299
b3299,b3300
b3300,b3301
b3301,b3302
b3302,b3303
b3303,b3304
b3304,b3305
b3305,b3306
b3306,b3307
b3307,b3308
b3308,b3309
b3309,b3310
b3310,b3311
b3311,b3312
b3312,b3313
b3313,b3314
b3314,b3315
b3315,b3316
b3316,b3317
b3317,b3318
b3319,b3320
b3320,b3321
b3322,b3323
b3325,b3326
b3327,b3328
b3328,b3329
b3332,b3333
b3334,b3335
b3336,b3337
b3337,b3338
b3339,b3340
b3340,b3341
b3341,b3342
b3342,b3343
b3343,b3344
b3344,b3345
b3345,b3346
b3346,b3347
b3349,b4551
b4551,b3350
b3350,b3351
b3352,b3353
b3354,b3355
b3357,b3358
b3359,b3360
b3360,b3361
b3362,b3363
b3366,b3367
b3367,b3368
b3370,b3371
b3371,b4474
b3374,b3375
b3376,b3377
b3377,b3378
b3378,b3379
b3380,b3381
b3381,b3382
b3382,b3383
b3386,b3387
b3387,b3388
b3388,b3389
b3389,b3390
b3394,b3395
b3398,b3399
b3399,b3400
b3400,b3401
b3406,b3407
b3408,b3409
b3409,b3410
b3413,b3414
b3416,b3417
b4475,b3421
b3424,b3425
b3427,b3428
b3428,b3429
b3429,b3430
b3430,b3431
b3432,b4788
b4789,b3433
b4476,b3437
b3437,b3438
b3439,b3440
b3440,b4451
b3450,b3451
b3452,b3453
b3454,b3455
b3457,b3458
b3463,b3464
b3468,b3469
b3471,b3472
b3474,b3475
b3475,b3476
b3476,b3477
b3478,b3479
b3480,b3481
b3485,b3486
b3487,b4790
b4790,b3488
b3497,b3498
b3499,b3500
b4712,b4713
b4713,b3501
b3501,b3502
b3502,b3503
b3506,b3507
b3508,b3509
b3509,b3510
b3512,b4718
b4718,b3513
b3513,b3514
b3521,b3522
b3524,b3525
b3528,b3529
b3529,b3530
b3531,b3532
b3532,b3533
b3541,b3542
b3542,b3543
b3545,b3546
b3552,b3553
b3556,b4793
b3559,b3560
b3560,b4553
b3562,b3563
b3563,b3564
b3564,b3565
b3566,b3567
b3568,b3569
b3570,b4794
b3571,b3572
b3573,b3574
b3575,b3576
b3576,b3577
b3577,b3578
b3578,b3579
b3579,b3580
b3586,b3587
b3588,b3589
b3589,b3590
b3591,b3592
b3593,b3594
b3597,b3598
b3600,b3601
b3603,b3604
b3605,b3606
b3607,b3608
b3608,b3609
b3609,b3610
b3610,b3611
b3612,b3613
b3613,b3614
b3616,b3617
b3619,b3620
b3620,b3621
b3621,b3622
b4795,b4796
b4796,b3623
b3623,b3624
b3624,b3625
b3625,b3626
b3626,b3627
b3627,b3628
b3628,b3629
b3629,b3630
b3632,b4760
b3633,b3634
b3635,b3636
b3636,b3637
b3640,b3641
b3642,b3643
b3648,b3649
b3649,b3650
b3650,b3651
b3651,b3652
b3654,b3655
b3656,b3657
b3659,b3660
b3663,b3664
b3666,b3667
b3667,b3668
b3668,b3669
b3669,b3670
b3670,b3671
b3671,b3672
b3672,b4616
b3681,b3682
b3682,b3683
b3685,b3686
b3686,b3687
b3691,b4478
b3697,b3698
b3699,b3700
b3700,b3701
b3701,b3702
b3703,b3704
b4557,b3705
b3705,b3706
b3708,b3709
b3709,b3710
b3711,b3712
b3712,b3713
b3715,b3716
b3716,b3717
b3718,b3719
b3719,b3720
b3720,b3721
b3721,b3722
b3722,b3723
b3724,b3725
b3725,b3726
b3726,b3727
b3727,b3728
b3729,b3730
b3731,b3732
b3732,b3733
b3733,b3734
b3734,b3735
b3735,b3736
b3736,b3737
b3737,b3738
b3738,b3739
b3740,b3741
b3742,b3743
b3747,b3748
b3748,b3749
b3749,b3750
b3750,b3751
b3751,b3752
b3752,b3753
b3754,b3755
b3756,b3757
b3757,b3758
b3758,b3759
b3759,b3760
b3760,b3761
b3766,b4669
b3769,b3770
b3770,b3771
b3771,b3772
b3779,b3780
b3781,b3782
b3782,b3783
b3784,b3785
b3785,b3786
b3787,b3788
b3788,b3789
b3790,b3791
b3791,b3792
b3793,b3794
b3794,b3795
b3795,b3796
b3796,b3797
b3797,b3798
b3798,b3799
b3799,b3800
b3802,b3803
b3803,b3804
b3808,b4558
b4558,b3809
b3811,b3812
b3812,b3813
b4799,b3816
b3817,b3818
b3818,b3819
b3819,b3820
b3821,b3822
b3822,b3823
b3825,b3826
b3826,b3827
b3831,b3832
b3832,b3833
b3833,b3834
b3835,b3836
b3836,b3838
b3838,b3839
b3839,b4483
b3843,b3844
b3845,b3846
b3847,b3848
b3848,b3849
b3849,b3850
b3851,b3852
b3852,b3853
b3853,b3854
b3854,b3855
b3858,b3859
b3859,b3860
b3860,b3861
b3863,b3864
b4457,b3866
b3866,b3867
b4686,b3868
b3868,b3869
b3872,b3873
b3873,b3874
b3875,b3876
b3876,b3877
b3877,b3878
b3878,b3879
b3879,b3880
b3880,b3881
b3881,b3882
b3883,b3884
b3884,b3885
b3893,b3894
b3895,b3896
b3897,b3898
b3899,b3900
b3901,b3902
b3905,b3906
b3909,b3910
b4484,b4716
b4716,b3915
b3915,b3916
b3917,b3918
b3919,b3920
b3922,b3923
b3924,b3925
b3925,b3926
b3926,b3927
b3929,b3930
b3930,b3931
b3931,b3932
b3932,b3933
b3933,b3934
b3934,b3935
b3937,b3938
b3939,b3940
b3942,b3943
b3945,b3946
b3946,b3947
b3949,b3950
b3950,b3951
b3952,b3953
b3955,b3956
b3958,b3959
b3959,b3960
b3963,b3964
b3968,b3969
b3969,b3970
b3970,b3971
b3976,b3977
b3977,b3978
b3978,b3979
b3979,b3980
b3981,b3982
b3982,b3983
b3983,b3984
b3985,b3986
b3987,b3988
b3991,b4407
b3993,b3994
b3996,b3997
b3997,b3998
b3998,b3999
b3999,b4000
b4000,b4001
b4005,b4006
b4007,b4008
b4008,b4009
b4009,b4010
b4010,b4011
b4014,b4015
b4015,b4016
b4026,b4027
b4028,b4029
b4032,b4033
b4033,b4034
b4035,b4036
b4039,b4040
b4042,b4043
b4043,b4044
b4044,b4045
b4047,b4048
b4049,b4050
b4050,b4758
b4052,b4053
b4055,b4056
b4056,b4057
b4064,b4065
b4066,b4067
b4070,b4071
b4073,b4074
b4078,b4079
b4079,b4080
b4081,b4082
b4082,b4622
b4085,b4086
b4087,b4088
b4088,b4089
b4090,b4487
b4092,b4093
b4094,b4095
b4096,b4097
b4099,b4100
b4101,b4102
b4105,b4106
b4106,b4107
b4111,b4703
b4112,b4113
b4114,b4115
b4115,b4116
b4117,b4118
b4119,b4120
b4121,b4122
b4122,b4123
b4126,b4127
b4128,b4559
b4130,b4131
b4131,b4132
b4134,b4135
b4135,b4136
b4137,b4138
b4138,b4139
b4142,b4143
b4143,b4144
b4147,b4410
b4410,b4411
b4411,b4148
b4149,b4150
b4150,b4151
b4151,b4152
b4152,b4153
b4156,b4157
b4159,b4160
b4160,b4161
b4163,b4164
b4164,b4165
b4168,b4169
b4169,b4170
b4171,b4172
b4172,b4173
b4173,b4174
b4174,b4175
b4175,b4176
b4176,b4177
b4178,b4179
b4179,b4180
b4180,b4181
b4181,b4182
b4182,b4183
b4183,b4184
b4184,b4185
b4185,b4186
b4186,b4187
b4188,b4189
b4191,b4192
b4193,b4194
b4194,b4195
b4195,b4196
b4196,b4197
b4197,b4198
b4200,b4201
b4201,b4202
b4202,b4203
b4209,b4210
b4210,b4211
b4221,b4222
b4227,b4485
b4485,b4230
b4237,b4238
b4239,b4240
b4240,b4241
b4702,b4242
b4243,b4244
b4244,b4245
b4245,b4246
b4248,b4249
b4251,b4252
b4252,b4253
b4258,b4259
b4259,b4260
b4800,b4261
b4261,b4262
b4263,b4264
b4264,b4265
b4265,b4266
b4266,b4267
b4279,b4280
b4280,b4655
b4287,b4288
b4290,b4291
b4291,b4292
b4801,b4294
b4296,b4297
b4297,b4298
b4298,b4299
b4300,b4301
b4301,b4302
b4303,b4304
b4304,b4565
b4306,b4307
b4307,b4566
b4309,b4310
b4310,b4311
b4314,b4315
b4315,b4316
b4316,b4317
b4317,b4318
b4318,b4319
b4319,b4320
b4322,b4323
b4721,b4722
b4327,b4328
b4328,b4329
b4332,b4333
b4333,b4715
b4334,b4335
b4335,b4336
b4336,b4337
b4345,b4346
b4346,b4347
b4352,b4353
b4353,b4354
b4360,b4361
b4361,b4362
b4362,b4363
b4368,b4369
b4369,b4370
b4373,b4374
b4374,b4375
b4376,b4568
b4568,b4377
b4381,b4382
b4382,b4383
b4383,b4384
b4384,b4385
b4386,b4387
b4388,b4389
b4389,b4390
b4392,b4393
b4397,b4398
b4398,b4399
b4399,b4400
