operon_name,n_genes,confidence,r_standard,r_operon,delta,eval_seed,n_cells_used
ycaR-kdsB,2,Weak,0.14627797668480483,-0.008644017057003144,-0.15492199374180798,42,57627
yjjUV,2,Weak,0.38572075712761644,0.5049267233871603,0.11920596625954383,42,57627
yqcC-truC-yqcA,3,Weak,0.077697718410428,0.04563009092260656,-0.03206762748782144,42,57627
dinJ-yafQ,2,Weak,0.46742607078321174,0.5771605391788844,0.10973446839567269,42,57627
pgpC-tadA,2,Weak,0.2102227358456839,0.1425342192110683,-0.06768851663461561,42,57627
mdtUJI,2,Weak,0.3066913350195358,0.24795316367792727,-0.05873817134160855,42,57627
betIBA,3,Weak,0.43628541466205845,0.5119240905093426,0.07563867584728418,42,57627
mdlAB,2,Weak,0.6571042807556725,0.6216945347750231,-0.03540974598064939,42,57627
ynfB-speG,2,Weak,0.27850301069163264,0.124962217378469,-0.15354079331316361,42,57627
ppdD-hofBC,2,Weak,0.3608437702728052,0.5681987095927147,0.2073549393199095,42,57627
mcrBC,2,Strong,0.19157408663460046,0.3107508688580833,0.11917678222348282,42,57627
yiiS-uspD,2,Weak,0.39610308649927933,0.32582068318604906,-0.07028240331323027,42,57627
valUXY-lysV,2,Weak,0.5490566591621153,0.6021270322765739,0.05307037311445861,42,57627
pgaABCD,2,Weak,0.3514203533784512,0.17839728900759322,-0.17302306437085796,42,57627
fetAB,2,Weak,0.23050495783261285,0.31787720523466034,0.08737224740204749,42,57627
yccFS,2,Weak,0.18584727746743185,-0.05124838850524473,-0.23709566597267656,42,57627
yciVOQ,2,Weak,0.4846259351629399,0.38622128190710175,-0.09840465325583814,42,57627
abpAB,2,Weak,0.32253413402600395,0.31484800481111586,-0.007686129214888093,42,57627
ymfA-ycfZ,2,Weak,0.4542904523028084,0.4804824138869157,0.026191961584107304,42,57627
brnQ-proY,2,Weak,0.14020745033554277,0.20382795567066372,0.06362050533512095,42,57627
yqgEF,2,Weak,0.11376497707736527,0.19994459104769266,0.08617961397032739,42,57627
phoBR,2,Weak,0.4173097762914909,0.5004374395968672,0.08312766330537624,42,57627
yadGH,2,Weak,0.5197625726711159,0.39448001811206584,-0.12528255455905007,42,57627
xylAB,2,Weak,0.13267861001120995,0.010453208605178158,-0.12222540140603179,42,57627
hinT-ycfL-lpoB-thiK-nagZ-ycfP,6,Weak,0.1062785985790314,0.12769476398125684,0.02141616540222545,42,57627
ykgEFG,2,Weak,0.1029469050916609,0.01755412546709759,-0.08539277962456332,42,57627
bcsEFG,3,Weak,0.5316515078199738,0.601905900468529,0.07025439264855515,42,57627
ypfJ-tmcA,2,Weak,0.2684150670975858,0.2524995893473642,-0.015915477750221563,42,57627
yqiJK,2,Weak,0.6117333703735636,0.640663795419025,0.028930425045461394,42,57627
cydDC,2,Strong,0.28737293565939787,0.32778731440182174,0.04041437874242387,42,57627
uxuAB,2,Weak,0.328016232902833,0.28806084826590134,-0.03995538463693166,42,57627
yfdGHI,3,Weak,0.6630120964081229,0.639943123530235,-0.023068972877887894,42,57627
elfDCG-ycbUVF,2,Weak,0.22117142939188636,0.11680915723407921,-0.10436227215780715,42,57627
yegTUV,2,Weak,0.1384175610193177,0.1924197462449292,0.05400218522561148,42,57627
yfhM-pbpC,2,Weak,0.4381781875252572,0.5383625218023091,0.10018433427705192,42,57627
yheSTU,3,Weak,0.4157550750805958,0.3792422959993034,-0.03651277908129236,42,57627
ydbH-ynbE-ydbL,3,Weak,0.47851291906564136,0.39947560503416996,-0.0790373140314714,42,57627
pyrLBI,2,Weak,-0.089538158015485,-0.03097333419735187,0.058564823818133126,42,57627
ybaB-recR,2,Weak,0.4290617998173786,0.4812994804308182,0.05223768061343964,42,57627
ycaI-msbA-lpxK-ycaQ,4,Weak,0.27872480745925055,0.302456870092886,0.023732062633635476,42,57627
essQ-ydfR-rrrQ-rzpQ-rzoQ,2,Weak,0.6638063827246115,0.7592062897258611,0.09539990700124967,42,57627
prmB-aroC-mepA-yfcA-epmC-yfcL,6,Weak,0.37524018361987305,0.34278393777982114,-0.03245624584005191,42,57627
yhdT-panF-prmA,3,Weak,0.27649926867229935,0.24763857298590997,-0.02886069568638938,42,57627
sbcDC,2,Weak,0.06055949138033248,0.13910138404186145,0.07854189266152897,42,57627
ybgTE,2,Weak,-0.40181026204975917,-0.24379830717727413,0.15801195487248504,42,57627
guaBA,2,Weak,0.447231324429401,0.5740039167935388,0.1267725923641378,42,57627
thiCEFSGH,5,Weak,0.3044171547325564,0.19816965899863254,-0.10624749573392389,42,57627
rppH-ptsP,2,Weak,0.12043167709496393,0.1744738993927099,0.05404222229774598,42,57627
pabC-mltG-tmk-holB-ycfH,5,Weak,0.3001418783647581,0.30057469098842776,0.0004328126236696761,42,57627
lldPRD,3,Weak,0.5391415990533965,0.4624243053172495,-0.07671729373614705,42,57627
ispDF,2,Weak,0.22264300714154803,0.13853356931159108,-0.08410943782995695,42,57627
yqaBA,2,Weak,0.4454810219862538,0.5082944375405906,0.06281341555433678,42,57627
bamB-der,2,Weak,0.6519311050354522,0.5674336947872574,-0.0844974102481948,42,57627
hybOABCDEFG,7,Weak,0.13418725656487737,0.14479840816619574,0.01061115160131837,42,57627
nfrBA,2,Weak,0.0711090444307508,0.20239062077411907,0.13128157634336826,42,57627
nudF-yqiB-cpdA-yqiA-parE,5,Weak,0.26853715477451956,0.22313672132405396,-0.0454004334504656,42,57627
ravA-viaA,2,Weak,0.24806153574155382,0.29309855656543643,0.04503702082388261,42,57627
xanQ-guaD-ghxQ,2,Weak,-0.33359252622116453,0.018111939825981662,0.35170446604714617,42,57627
wecA-wzzE-wecBC-rffGHC-wecE-wzxE-wecF-wzyE-rffM,11,Weak,0.601494013321774,0.5811441810022951,-0.020349832319478844,42,57627
sanA-yeiS,2,Weak,0.4434246469626362,0.44383272869499285,0.00040808173235662437,42,57627
sbmA-yaiW,2,Weak,0.5522582812283767,0.5751774891732554,0.022919207944878672,42,57627
lolA-rarA,2,Weak,0.8309523494728707,0.823445974605378,-0.007506374867492616,42,57627
def-fmt,2,Weak,0.5470304135822092,0.6292359796479301,0.08220556606572094,42,57627
ydgI-folM,2,Weak,0.48654405066487366,0.39328394704693237,-0.09326010361794129,42,57627
arsRBC,3,Weak,0.5230893935147365,0.3684522921787383,-0.15463710133599817,42,57627
dusB-fis,2,Weak,0.7349845191863634,0.7143050405812523,-0.0206794786051111,42,57627
codBA,2,Weak,0.42410493588068027,0.4892426276614517,0.06513769178077145,42,57627
yaeQ-arfB-nlpE,3,Weak,0.296961285883399,0.33941698498350154,0.04245569910010255,42,57627
moeAB,2,Weak,0.006213504075105812,-0.06600832278625465,-0.07222182686136047,42,57627
wbbIJK,3,Weak,0.8131628507628484,0.8625594421639704,0.04939659140112196,42,57627
ratA-yfjF,2,Weak,0.34759408969390604,0.0801948077441289,-0.26739928194977713,42,57627
gspCDEFGHIJKLMO,4,Weak,0.19064646368895577,0.13108470962844307,-0.0595617540605127,42,57627
htrG-cca,2,Weak,0.6629039501588597,0.7319743226211036,0.0690703724622439,42,57627
nrdHIEF,3,Strong,0.41252108777396485,0.513535521142118,0.10101443336815313,42,57627
basRS,2,Weak,0.2894675144997235,0.4196020388492147,0.1301345243494912,42,57627
purEK,2,Weak,0.4702895943149103,0.31923662709549844,-0.15105296721941186,42,57627
puuAP,2,Weak,0.3693548466623655,0.21014637787189622,-0.1592084687904693,42,57627
nudC-hemE-nfi,3,Weak,0.3467935720727378,0.3009613472616437,-0.04583222481109411,42,57627
argX-hisR-leuT-proM,4,Weak,0.3145776051967324,0.36648655127863133,0.05190894608189894,42,57627
yieEF,2,Weak,0.7561995803181011,0.8120955864887432,0.055896006170642165,42,57627
pdeI-dgcI,2,Weak,0.40354212368558723,0.4109839483011904,0.007441824615603165,42,57627
yohJK,2,Weak,-0.26740165503534924,-0.4462504228834994,-0.17884876784815018,42,57627
arnBCADTEF,3,Weak,0.3055654374350263,0.2546705277914751,-0.0508949096435512,42,57627
wcaKLM,2,Weak,0.5935213658455998,0.6666158193707173,0.07309445352511756,42,57627
yfbU-hxpA,2,Weak,0.32826104734352873,0.3803906125454246,0.05212956520189588,42,57627
folP-glmM,2,Weak,0.359300081872246,0.35964932927275717,0.00034924740051117675,42,57627
fdnGHI,2,Weak,0.10231733165708295,0.11131487573006683,0.008997544072983879,42,57627
mntR-ybiR,2,Weak,0.46370009074715723,0.31746367629986283,-0.1462364144472944,42,57627
selAB,2,Weak,0.5488269647620568,0.4095688676212002,-0.13925809714085663,42,57627
tomB-hha,2,Weak,0.4785454068524684,0.6265882049143103,0.14804279806184195,42,57627
lexA-dinF,2,Strong,0.6633302800613637,0.6056625617153567,-0.057667718346007035,42,57627
yffB-dapE-ypfN,3,Weak,0.384403662289873,0.47398541134870537,0.08958174905883237,42,57627
eutBCLKR,5,Weak,0.054752858463030664,0.04891968095345762,-0.005833177509573045,42,57627
metZWV,3,Weak,0.23194758069703725,0.14716390983459035,-0.0847836708624469,42,57627
hemCDXY,4,Weak,0.37453060650758596,0.3686109818618222,-0.005919624645763788,42,57627
mtlADR,3,Strong,0.16091507000844454,0.12269073395046866,-0.038224336057975886,42,57627
yciK-btuR,2,Weak,0.31861332057265396,0.4573754916344473,0.13876217106179334,42,57627
umpG-pcm,2,Weak,0.5477497609139674,0.440619400464466,-0.10713036044950142,42,57627
aas-lplT,2,Weak,0.5449689869462374,0.5687140248720418,0.023745037925804402,42,57627
hslVU,2,Weak,0.7420428521596241,0.6868547380762959,-0.05518811408332813,42,57627
kefFC,2,Weak,0.28405934215807577,0.28070843550037233,-0.003350906657703434,42,57627
ansA-pncA,2,Strong,0.11525481854914582,0.1192970794200401,0.004042260870894279,42,57627
rplNXE-rpsNH-rplFR-rpsE-rpmD-rplO-secY-rpmJ,12,Weak,0.3731906943296612,0.40693234982098475,0.033741655491323574,42,57627
ygcNOP,2,Weak,0.5383459938162166,0.6832982731468145,0.14495227933059784,42,57627
ppk-ppx,2,Weak,0.6137862206403417,0.592883201938069,-0.020903018702272735,42,57627
ydjXYZ-ynjABCD,4,Weak,0.1251647673860786,0.16240792849004682,0.03724316110396822,42,57627
proQ-prc,2,Weak,0.26333479190326947,0.3045093186248379,0.041174526721568405,42,57627
lysT-valT-lysW,3,Weak,0.46618377007587525,0.34821695787095447,-0.11796681220492078,42,57627
psd-mscM,2,Weak,0.395693099080092,0.3509050142522399,-0.04478808482785207,42,57627
yabPQ,2,Weak,0.1710256688175933,0.15278261158209266,-0.018243057235500626,42,57627
folX-yfcH,2,Weak,0.20959045930387524,0.24211663872914874,0.0325261794252735,42,57627
yhiI-rbbA-yhhJ,3,Weak,0.4780794101538251,0.6562946026878382,0.17821519253401313,42,57627
lgt-thyA,2,Weak,0.5620605853793411,0.48207985544696086,-0.07998072993238026,42,57627
yeeRST-cbeA-cbtA-yeeW,2,Weak,0.2720849669020056,0.31681006443213294,0.04472509753012732,42,57627
zraSR,2,Weak,0.39866481305948304,0.43860454013562705,0.039939727076144016,42,57627
dcm-vsr,2,Weak,0.26500842261330965,0.4680478535948363,0.20303943098152666,42,57627
dosCP,2,Weak,-0.058504308057814404,-0.009141258453022032,0.049363049604792375,42,57627
potABCD,4,Weak,0.4516956148992241,0.5525621169502111,0.10086650205098696,42,57627
yddAB,2,Weak,-0.11444860578598165,-0.058093216138252544,0.056355389647729105,42,57627
sapABCDF,5,Weak,0.4192706274461183,0.43186234966493925,0.012591722218820933,42,57627
ymfED,2,Weak,0.3735628723382278,0.3325581324502936,-0.04100473988793424,42,57627
tdcABCDEFG,4,Weak,0.19955526073394184,0.2549592230704169,0.05540396233647507,42,57627
sufABCDSE,6,Weak,0.13713714709459374,0.17840457563091702,0.041267428536323286,42,57627
glnHPQ,3,Weak,0.6015491488322634,0.6375686886182677,0.03601953978600425,42,57627
kbl-tdh,2,Weak,0.49961401454346455,0.3334988654980812,-0.16611514904538333,42,57627
ybgC-tolQRA,4,Strong,0.5395501167910125,0.4670553082024173,-0.0724948085885952,42,57627
znuCB,2,Weak,0.5211484608659909,0.5770011355857887,0.055852674719797823,42,57627
tehAB,2,Weak,-0.2571536160605,0.009305970800836805,0.2664595868613368,42,57627
tamAB-ytfP,3,Weak,0.271039425145106,0.23636146961793034,-0.03467795552717565,42,57627
metBL,2,Strong,0.3619149833415804,0.41954055318082245,0.05762556983924205,42,57627
yieP-hsrA,2,Weak,0.3175184389574608,0.4067071419653457,0.0891887030078849,42,57627
modEF,2,Weak,-0.15092830781310582,-0.0018046083725363716,0.14912369944056944,42,57627
nagBACD,4,Strong,0.3562204722594425,0.31147786437551983,-0.04474260788392265,42,57627
yecN-cmoAB,3,Weak,0.3796118403560855,0.35558492214229775,-0.024026918213787718,42,57627
chbBCARFG,5,Weak,0.368752661133093,0.3216843191227693,-0.04706834201032373,42,57627
glyQS,2,Weak,0.7091563164627722,0.6891939232805109,-0.01996239318226134,42,57627
yicJI,2,Weak,0.5175474325472299,0.49531755378504133,-0.02222987876218857,42,57627
yobB-exoX,2,Weak,0.2847375137098366,0.38309465176440366,0.09835713805456708,42,57627
dcyD-tcyLN,3,Weak,0.13034644445202162,0.07615471770370556,-0.05419172674831606,42,57627
higBA,2,Weak,0.6875698945508613,0.6249685274977882,-0.06260136705307306,42,57627
lolCDE,3,Weak,0.6107048080656593,0.5831336545237438,-0.027571153541915527,42,57627
hscBA-fdx-iscX,4,Weak,0.5276597498729959,0.5250549532857542,-0.0026047965872416645,42,57627
yihV-csqR,2,Weak,-0.2646569644760099,-0.38516416583305324,-0.12050720135704335,42,57627
lsrRK,2,Weak,0.23380416991745304,0.0915354228077935,-0.14226874710965953,42,57627
ftsYEX,3,Weak,0.41298485841472915,0.4234449105890355,0.010460052174306345,42,57627
yecDE,2,Weak,0.2771301924754065,0.35721043332880004,0.08008024085339355,42,57627
rbsDACBZKR,6,Weak,0.4404081932491804,0.47699237357293267,0.03658418032375227,42,57627
lepAB,2,Weak,0.7960020264057865,0.7790835470504243,-0.01691847935536228,42,57627
panE-yajL,2,Weak,0.0682084767887976,-0.011256139199857143,-0.07946461598865474,42,57627
ydhIJK,3,Weak,0.5208389781270747,0.5606487039261936,0.0398097257991189,42,57627
yajC-secDF,4,Weak,0.6415950086797332,0.602015170369863,-0.03957983830987022,42,57627
rcsF-trmO,2,Weak,0.42182717988209867,0.5880058806357756,0.16617870075367697,42,57627
yphCB,2,Weak,0.04592839781164007,-0.02666757037004027,-0.07259596818168035,42,57627
iaaA-gsiABCD,5,Weak,0.20489387733480346,0.21678618420501614,0.011892306870212671,42,57627
rpoZ-spoT-trmH-recG,4,Weak,0.6039257513168707,0.5711170881912607,-0.03280866312560993,42,57627
yigGF,2,Weak,0.06556197808846762,-0.004662097349615128,-0.07022407543808275,42,57627
efeOB,2,Weak,0.13989991377319608,0.27512290800501304,0.13522299423181697,42,57627
glpFKX,3,Weak,0.3458813273972193,0.3668626161602268,0.020981288763007533,42,57627
dut-slmA,2,Weak,0.31581313225757,0.22470326224954376,-0.09110987000802626,42,57627
tsaB-yeaY,2,Weak,0.29139640736205225,0.10545364017520607,-0.18594276718684616,42,57627
secE-nusG,2,Weak,0.5680007400202682,0.5096298498032682,-0.05837089021700004,42,57627
thrU-tyrU-glyT-thrT-tufB,5,Weak,0.5550102469597376,0.5236279404670071,-0.03138230649273044,42,57627
hslR-hslO,3,Weak,0.46488207380133373,0.3467445364029058,-0.11813753739842792,42,57627
sspAB,2,Strong,-0.02217716186362767,-0.06889924154737508,-0.046722079683747406,42,57627
hprRS,2,Weak,-0.012904306471137212,0.07144705350063248,0.0843513599717697,42,57627
aroF-tyrA,2,Weak,0.7691868814800376,0.7251141796488114,-0.044072701831226135,42,57627
valZ-lysY,2,Weak,0.3269687144546949,0.18675507989899176,-0.14021363455570313,42,57627
fepA-entD,2,Weak,0.6475476961445314,0.5612751755739415,-0.08627252057058998,42,57627
pyrSR-ypdC,3,Weak,-0.03654802332610934,0.021045998270539556,0.05759402159664889,42,57627
glf-rfc,2,Weak,0.8208831464916213,0.8082127706559341,-0.012670375835687198,42,57627
rsfS-rlmH-mrdAB-rlpA,5,Weak,0.2208087701963891,0.22620625567573693,0.005397485479347847,42,57627
leuS-lptE-holA-nadD-cobC,5,Weak,0.5233243952010317,0.5106700682816292,-0.012654326919402492,42,57627
melAB,2,Weak,0.2542178484876301,0.24657160902130365,-0.0076462394663264766,42,57627
mobAB,2,Weak,0.2989654930566135,0.2948256910264437,-0.004139802030169837,42,57627
mdtABCD-baeSR,6,Weak,0.28618919581066954,0.2500684786948676,-0.03612071711580195,42,57627
qseBC,2,Weak,0.04218515816557168,0.08589483469672021,0.04370967653114853,42,57627
valVW,2,Weak,0.46605046308799897,0.4683453879177046,0.0022949248297056135,42,57627
yqjCDEK,4,Weak,0.11805489587653666,0.1774957514796326,0.059440855603095935,42,57627
yifL-dapF-yigA-xerC-yigB,4,Weak,0.5052561774802484,0.4714678638519591,-0.033788313628289324,42,57627
rsmE-gshB,2,Weak,0.40386465263664395,0.3340280835341933,-0.06983656910245067,42,57627
nirBDC-cysG,3,Weak,0.16808785717158484,0.12952501650327838,-0.03856284066830645,42,57627
puuDRCBE,3,Weak,0.2003804700262565,0.24970387974630293,0.049323409720046424,42,57627
ybjO-rlmC,2,Weak,0.08425307471266387,0.050348342164168634,-0.033904732548495235,42,57627
yqjA-mzrA,2,Weak,0.23967644769392188,0.24501717834069386,0.005340730646771985,42,57627
fadBA,2,Weak,0.09190375808261082,0.4192131316975498,0.327309373614939,42,57627
ubiEJB,3,Strong,0.42193184295149216,0.4521292781287703,0.03019743517727813,42,57627
uvrYC,2,Weak,0.6142701241286768,0.6612557595455083,0.04698563541683154,42,57627
atpIBEFHAGDC,9,Weak,0.3426961214029073,0.30386668149657153,-0.03882943990633575,42,57627
prlC-yhiQ,2,Weak,0.43625299938082385,0.5687107705532892,0.13245777117246538,42,57627
yhdN-zntR,2,Weak,0.3504119091491141,0.5209572137539062,0.17054530460479217,42,57627
yihXY-dtd-fabY,3,Weak,0.20185531677170268,0.1726704398396222,-0.029184876932080495,42,57627
trpLEDCBA,5,Weak,0.34588485309302053,0.31170652208688554,-0.03417833100613499,42,57627
mdtM-yjiN,2,Weak,0.3017989723515613,0.36626015530584655,0.06446118295428527,42,57627
sdhE-ygfX,2,Weak,0.07779816123128626,0.013327296558057075,-0.06447086467322918,42,57627
yfeYX,2,Weak,0.3262891941259534,0.1875471777251542,-0.13874201640079922,42,57627
rhoL-rho,2,Weak,0.8164529508705684,0.8042085285338398,-0.012244422336728511,42,57627
ytfQRT-yjfF,2,Weak,0.6031495144474981,0.5472269484671943,-0.05592256598030376,42,57627
rlmL-uup,2,Strong,0.5962668079925955,0.6120302881872544,0.015763480194658896,42,57627
xseB-ispA-dxs-yajO,4,Weak,0.40084951985165057,0.3910679598829969,-0.009781559968653653,42,57627
gfcE-etp-etk,2,Weak,0.11294409233618147,0.1637363481057325,0.05079225576955104,42,57627
narGHJI,2,Weak,0.2419796143414126,0.214999814065915,-0.026979800275497595,42,57627
dadAX,2,Weak,0.712583902376599,0.5713026824264174,-0.1412812199501816,42,57627
ampDE,2,Weak,0.2527990920248196,0.3196513274917252,0.06685223546690561,42,57627
yacC-speED,3,Weak,0.46461848531474126,0.46114103069505324,-0.003477454619688014,42,57627
folD-ybcJ,2,Weak,0.2702590474490942,0.23531470118801948,-0.034944346261074705,42,57627
nrdDG,2,Weak,0.4718718705782172,0.48062318936091486,0.008751318782697637,42,57627
araE-ygeA,2,Weak,0.27537167977426025,0.17180145851134068,-0.10357022126291957,42,57627
yeiR-lpxT,2,Weak,0.10041605444096455,-0.0916645836586749,-0.19208063809963943,42,57627
btuB-murI,2,Weak,0.3689115842875645,0.3821350692279814,0.013223484940416919,42,57627
tesA-ybbO,2,Weak,-0.056579749885595165,0.06809853101990303,0.12467828090549819,42,57627
secMA-mutT,3,Strong,0.4362418788598421,0.46981632520363986,0.03357444634379775,42,57627
argF-xynR,2,Weak,0.5024341578759914,0.31941995375957644,-0.183014204116415,42,57627
cysPUWAM,2,Weak,0.2152761080023485,0.10682293129806965,-0.10845317670427886,42,57627
yjbQR,2,Weak,0.14037327469692915,0.024224434916299428,-0.11614883978062972,42,57627
ydgK-rsxABCDGE-nth,8,Strong,0.4118443345201633,0.44834805155731505,0.03650371703715177,42,57627
uxaCA,2,Weak,0.5557325182326759,0.5791137764115316,0.023381258178855724,42,57627
yciCB,2,Weak,0.2811684926736488,0.3241439608512498,0.042975468177601006,42,57627
aaeXAB,2,Weak,0.23308660623213803,0.15700518433273977,-0.07608142189939826,42,57627
ispG-sroE,2,Strong,0.45724101809290985,0.4249196120159937,-0.03232140607691614,42,57627
lptFG,2,Weak,0.5144395932958996,0.3528859998358334,-0.1615535934600662,42,57627
ycdXY,2,Weak,0.2445398047321476,0.43088379382056213,0.18634398908841454,42,57627
ruvAB,2,Weak,0.2551568136942472,0.2776701978518667,0.022513384157619498,42,57627
tag-yiaC,2,Weak,0.6634310213983389,0.6783584572254793,0.0149274358271404,42,57627
coaE-zapD-yacG,3,Weak,0.3504599397826353,0.2523513426769084,-0.09810859710572689,42,57627
rplU-rpmA-yhbE-obgE,4,Weak,0.07543118852514853,-0.002214869674133424,-0.07764605819928196,42,57627
mglBAC,3,Weak,0.30631746628351997,0.1356585642900865,-0.17065890199343348,42,57627
cyuPA,2,Weak,0.4023783634607283,0.33446222905203027,-0.06791613440869804,42,57627
nagK-cobB,2,Weak,0.5756980112769899,0.6287411475828281,0.05304313630583812,42,57627
smtA-mukFEB,4,Weak,0.42273023584099434,0.4340665779374362,0.011336342096441854,42,57627
yedEF,2,Weak,0.522509050030885,0.575242004491457,0.052732954460572024,42,57627
ybgQPOD,2,Weak,-0.017278291578651725,-0.03744284759408545,-0.020164556015433724,42,57627
csdAE,2,Weak,0.4460535620606707,0.5443476222277335,0.09829406016706277,42,57627
proBA,2,Weak,0.50044773044877,0.6154194570054591,0.11497172655668908,42,57627
treBC,2,Weak,0.09884899856629668,0.1670333279852338,0.06818432941893711,42,57627
pldB-yigL,2,Weak,0.1835550232604774,0.4082389713161392,0.22468394805566178,42,57627
nadA-pnuC,2,Weak,0.6897570652563738,0.49348292121259246,-0.19627414404378135,42,57627
dinB-yafNOP,4,Weak,0.27894900721296917,0.3044760577610693,0.025527050548100116,42,57627
ppiB-lpxH,2,Weak,0.3069684971965847,0.3119431464910509,0.004974649294466227,42,57627
alaWX,2,Weak,0.1582199672457105,0.35165300283109374,0.19343303558538325,42,57627
yefM-yoeB,2,Weak,0.7481904803081403,0.635245598250665,-0.11294488205747533,42,57627
fabR-yijD,2,Weak,0.42638680012662533,0.35128738823583766,-0.07509941189078767,42,57627
srlAEBD-gutM-srlR-gutQ,3,Strong,0.2365577512286682,0.1789084309586049,-0.05764932027006331,42,57627
lolB-ispE-prs,3,Weak,0.25973207355956673,0.2992146373514108,0.03948256379184406,42,57627
metNIQ,3,Weak,0.3753055367440199,0.5255585111024647,0.15025297435844476,42,57627
nanXY,2,Weak,0.21882424180029028,0.14301746560073705,-0.07580677619955323,42,57627
glyW-cysT-leuZ,3,Weak,0.31772040251618655,0.31096230675487546,-0.006758095761311089,42,57627
isrC-flu,2,Weak,0.31147789602402376,0.4370654780420961,0.12558758201807235,42,57627
recET-ralR-rcbA-xisR-intR,2,Weak,0.08749274203010705,0.12422838242838874,0.036735640398281685,42,57627
fimAICDFGH,4,Strong,0.8273798718659924,0.8209599292361309,-0.006419942629861453,42,57627
panBC,2,Strong,0.48668542797563463,0.43965834631447714,-0.04702708166115749,42,57627
ynbABCD,2,Weak,0.3492366336461397,0.47737673995189034,0.12814010630575062,42,57627
yaeP-rof,2,Weak,0.18256834792391954,0.1419559294319946,-0.040612418491924956,42,57627
pepQ-yigZ-trkH-hemG,4,Weak,0.3999319287469758,0.40657126212121497,0.006639333374239165,42,57627
ybbAP,2,Weak,0.10911443068517111,0.1253627861578683,0.016248355472697193,42,57627
malEFGH,2,Weak,0.15564715525821401,0.20321361413417643,0.04756645887596242,42,57627
ligA-ypeB,2,Weak,0.44084390453660477,0.37292242520369556,-0.06792147933290921,42,57627
argCBH,3,Weak,0.33323651654116676,0.27129012312076217,-0.06194639342040459,42,57627
nsrR-rnr-rlmB-yjfI,3,Weak,0.5709649979355567,0.5861933073066017,0.015228309371045023,42,57627
cpxRA,2,Weak,0.5535996514289386,0.3580299233297665,-0.1955697280991721,42,57627
yheO-tusDCB,4,Weak,0.11534547701958454,0.23577283549769704,0.12042735847811249,42,57627
ybjJI,2,Weak,0.7111045984756835,0.7811236028935487,0.07001900441786513,42,57627
rpsJ-rplCDWB-rpsS-rplV-rpsC-rplP-rpmC-rpsQ,11,Weak,0.1838268878749898,0.17783230348383247,-0.005994584391157326,42,57627
murB-birA,2,Weak,0.6403273924050836,0.7232276420049186,0.082900249599835,42,57627
kdpDE,2,Strong,0.23807583217519615,0.49247811285283216,0.25440228067763604,42,57627
rtcBA,2,Strong,-0.08871882099219343,-0.2688566140179824,-0.18013779302578897,42,57627
yafDE,2,Weak,0.6536337196488772,0.5436964941068603,-0.1099372255420169,42,57627
cecR-ybhGFSR,4,Weak,0.09763434914679865,0.07400388659779113,-0.023630462549007525,42,57627
upp-uraA,2,Weak,0.626089816296625,0.6566893152182419,0.030599498921616952,42,57627
elbB-mtgA,2,Weak,0.1055219437711727,-0.003298662697516542,-0.10882060646868924,42,57627
fhuACDB,4,Weak,0.5037492232474822,0.47932283309432244,-0.024426390153159727,42,57627
fadIJ,2,Weak,0.40776819602114484,0.4823074136390958,0.07453921761795096,42,57627
ydiJ-menI-ydiH,2,Weak,0.3400373027386032,0.5106665888937555,0.17062928615515227,42,57627
feoABC,3,Strong,0.32555626255480297,0.22718479010248563,-0.09837147245231734,42,57627
paaXY,2,Weak,0.2508742251403858,0.28015515823166126,0.02928093309127544,42,57627
narXL,2,Weak,0.4786862549270309,0.34901979880355716,-0.12966645612347372,42,57627
ompR-envZ,2,Weak,0.1776722571788626,0.3680749790432669,0.19040272186440432,42,57627
holD-rimI-yjjG,3,Weak,0.2710744136853244,0.29871392720250833,0.02763951351718391,42,57627
evgLAS,2,Weak,0.5618481622767415,0.635344438007846,0.07349627573110451,42,57627
potFGHI,4,Strong,0.2850671464703477,0.2434880898099154,-0.041579056660432295,42,57627
fecIR,2,Strong,0.17758139618330954,0.2786818983329057,0.10110050214959615,42,57627
frmRAB,3,Weak,0.49013888928797616,0.5567520054666373,0.06661311617866111,42,57627
livKHMGF,5,Weak,0.34861791436824613,0.2861977144942052,-0.062420199874040905,42,57627
btsSR,2,Weak,0.13040288979633854,0.12473676002666753,-0.005666129769671013,42,57627
nhaAR,2,Weak,0.41619784612173705,0.28328797822366647,-0.13290986789807058,42,57627
yejABEF,4,Weak,0.102506750479196,0.16725021872696408,0.06474346824776808,42,57627
seqA-pgm,2,Weak,0.7757319439461894,0.8159707062997565,0.04023876235356716,42,57627
trmB-yggL,2,Weak,0.269878958239461,0.350768026387199,0.080889068147738,42,57627
rcnAB,2,Weak,0.08988006167841855,-0.07247172185659957,-0.1623517835350181,42,57627
ymcE-gnsA,2,Weak,0.7374145006262833,0.6053874537457118,-0.13202704688057154,42,57627
clsA-yciU,2,Weak,0.15277751959812916,0.48914176985676516,0.33636425025863603,42,57627
gudPXD,2,Weak,0.33172130690790563,0.28088565723688935,-0.05083564967101628,42,57627
yfeCD,2,Weak,0.19578734342336787,0.03775098237136781,-0.15803636105200006,42,57627
ypeA-yfeZ,2,Weak,0.10642751835501692,0.23296837449909896,0.12654085614408206,42,57627
rluE-nudJ,2,Weak,0.6947180203565552,0.7122675012519281,0.017549480895372893,42,57627
folE-yeiB,2,Weak,0.2579587188818052,0.285823652722078,0.027864933840272776,42,57627
ibpAB,2,Weak,-0.012018157735259867,0.04402810713930658,0.056046264874566445,42,57627
yjiHG-iadA,2,Weak,0.06043986729741082,-0.041875936890552266,-0.10231580418796309,42,57627
ybeZYX-lnt,4,Weak,0.31758776154962576,0.3289822070891261,0.011394445539500364,42,57627
fecABCDE,5,Weak,0.7402289915105299,0.7326842593285944,-0.007544732181935521,42,57627
kefGB-yheV,2,Weak,0.27740718723338226,0.286851323821452,0.009444136588069751,42,57627
metT-leuW-glnUW-metU-glnVX,7,Weak,0.24891772819242397,0.24225912291071186,-0.00665860528171211,42,57627
ybjC-nfsA-rimK-ybjN,4,Weak,0.013557921567200355,-0.05779703463027327,-0.07135495619747362,42,57627
ymgGD,2,Weak,0.8953368887998993,0.8826471735079267,-0.012689715291972603,42,57627
udk-dcd,2,Weak,0.16607773964781128,0.036820605925750365,-0.1292571337220609,42,57627
yrdD-rimN-aroE-yrdB,4,Strong,0.23898469624927585,0.2192876875791552,-0.01969700867012064,42,57627
yqaE-kbp,2,Weak,0.4650166876060986,0.5167826562366679,0.05176596863056926,42,57627
yfgHI,2,Weak,0.43257583442915143,0.4934319436209424,0.060856109191790964,42,57627
hflD-purB,2,Weak,0.007997711733009588,0.03166034359750667,0.02366263186449708,42,57627
thiMD,2,Weak,0.3689625715160302,0.22253149873408357,-0.14643107278194661,42,57627
rstAB,2,Weak,0.5336994555905676,0.5115107552076674,-0.022188700382900217,42,57627
yihLM,2,Weak,0.5768039867790155,0.5007623332577523,-0.07604165352126313,42,57627
rpsF-priB-rpsR-rplI,4,Weak,0.03135307960004401,0.02956207885448885,-0.0017910007455551637,42,57627
cusRS,2,Strong,-0.04262869623683213,0.15451068567325268,0.19713938191008482,42,57627
ptrA-recBD,3,Weak,0.46817754273046286,0.4573783614360556,-0.010799181294407267,42,57627
creABCD,4,Weak,0.08761775785045373,0.15082281699140518,0.06320505914095145,42,57627
sdaCB,2,Weak,0.8837047371236411,0.8619005732387455,-0.02180416388489559,42,57627
ygaZH,2,Weak,0.6001168296570196,0.5891404154362129,-0.010976414220806752,42,57627
pdxB-usg-truA-dedA,4,Weak,0.26519434459363556,0.20972198371149653,-0.05547236088213903,42,57627
rfbBDACX,5,Weak,0.57503135075687,0.5481198276261077,-0.026911523130762283,42,57627
nrdR-ribDE-nusB-thiL-pgpA,6,Weak,0.3134838971607336,0.2940862812878823,-0.019397615872851326,42,57627
ibaG-murA,2,Weak,0.5858028825565234,0.6011982354007238,0.01539535284420046,42,57627
qmcA-ybbJ,2,Weak,0.05934911451743871,-0.12106023475349179,-0.1804093492709305,42,57627
minCDE,3,Weak,0.4769337875305726,0.47504615362945607,-0.0018876339011165144,42,57627
tyrTV-tpr,2,Weak,0.4529289207798803,0.40015181004405914,-0.05277711073582114,42,57627
purMN,2,Weak,0.3291711150241863,0.251689130151324,-0.07748198487286229,42,57627
rsmD-yhhL,2,Weak,-0.11442621213201704,-0.11151680934871036,0.002909402783306675,42,57627
dmsABC,2,Weak,0.18725468181223473,0.13742880071470132,-0.049825881097533414,42,57627
ygfB-pepP-ubiHI,4,Weak,0.379408162338651,0.4685611380440864,0.0891529757054354,42,57627
map-glnD-dapD,3,Weak,0.2953670950532262,0.33768253488329786,0.04231543983007163,42,57627
pabB-nudL,2,Weak,0.15244748255889,0.2726521182894296,0.12020463573053958,42,57627
purHD,2,Weak,0.3139781081174799,0.12285850602174002,-0.19111960209573986,42,57627
ytjB-lplA,2,Weak,0.2550520281471532,0.40535623325731224,0.15030420511015902,42,57627
yjiXA,2,Weak,0.08000260356758378,0.11565300717823329,0.035650403610649514,42,57627
yjeNO,2,Weak,0.2676559406685185,0.40396627295392584,0.13631033228540734,42,57627
glmUS,2,Weak,0.7576057694533204,0.7679910657268878,0.010385296273567435,42,57627
rpsP-rimM-trmD-rplS,4,Strong,0.2506803741838749,0.22156775195606312,-0.029112622227811774,42,57627
nuoABCEFGHIJKLMN,13,Weak,0.49436906206867204,0.4563842531013232,-0.03798480896734885,42,57627
marRAB,3,Weak,0.5534401576029151,0.5611513527041346,0.007711195101219537,42,57627
fruBKA,3,Weak,0.6847316294430746,0.703371082413331,0.018639452970256376,42,57627
ubiT-yhbS,2,Weak,0.4345422449186783,0.4072256027645813,-0.027316642154097015,42,57627
paaABCDEFGHIJK,2,Weak,-0.13952572129543575,0.23978123151043654,0.3793069528058723,42,57627
yhfG-fic-pabA,2,Weak,0.3533909227057204,0.2402301146349162,-0.11316080807080423,42,57627
dinG-ybiB,2,Weak,-0.048368793781288666,-0.04681191986234684,0.0015568739189418257,42,57627
mnt-btuF-yadS,3,Weak,0.43218889660553145,0.35955332719082583,-0.07263556941470561,42,57627
tolB-pal-ybgF,3,Strong,0.5010789095853668,0.4615792265569845,-0.039499683028382304,42,57627
sad-glsB-yneG,3,Weak,-0.11401700785847253,0.05249973168847468,0.1665167395469472,42,57627
yecM-cutC,2,Weak,0.09502095045050375,0.03209647602756632,-0.06292447442293743,42,57627
letAB,2,Weak,0.2885379656625404,0.2148293245343535,-0.07370864112818692,42,57627
rhsD-ybbC-ylbH-ybbD,2,Weak,0.39037980023213165,0.3472839620186208,-0.04309583821351087,42,57627
exbBD,2,Weak,0.24481026040763612,0.21653143220719703,-0.028278828200439088,42,57627
mepK-gloC,2,Weak,0.5576132335134393,0.5904011007297216,0.03278786721628235,42,57627
folC-dedD,2,Weak,0.5636996960120044,0.4726534060747021,-0.09104628993730235,42,57627
entCEBA-ybdB,5,Weak,0.5637348907966255,0.6245795548248927,0.06084466402826716,42,57627
ybjQ-amiD,2,Weak,-0.06945150024680181,-0.01831312009601719,0.051138380150784625,42,57627
sohA-yhaV,2,Weak,0.3900678249116071,0.19328171938769342,-0.19678610552391365,42,57627
leuLABCD,4,Weak,0.1799616665267335,0.21493585967783005,0.03497419315109654,42,57627
cyoABCDE,5,Weak,0.8014918771098094,0.7796034477150153,-0.021888429394794073,42,57627
pstSCAB-phoU,5,Weak,0.6117684100177859,0.5799606245890347,-0.03180778542875118,42,57627
iscRSUA,4,Weak,0.4795312758727468,0.4299495794698765,-0.0495816964028703,42,57627
emrRAB,3,Strong,0.1589517149744446,0.22524011984768702,0.06628840487324242,42,57627
fes-ybdZ-entF-fepE,2,Weak,0.5166539500496531,0.5915285496716226,0.07487459962196952,42,57627
gfcBCD,3,Weak,0.32278279008349703,0.3463995934736797,0.023616803390182683,42,57627
ubiCA,2,Weak,0.5667798637010683,0.6450754779485459,0.07829561424747766,42,57627
rpsB-tsf,3,Weak,0.5640633000328147,0.5919546189493464,0.027891318916531738,42,57627
manXYZ-yobD,4,Weak,0.46441681445644384,0.4676219029374389,0.003205088480995044,42,57627
ycjXF-tyrR,3,Weak,0.132940517753501,0.09966609532831071,-0.033274422425190284,42,57627
fdoGHI-fdhE,4,Weak,0.7869925663005395,0.7720607241321966,-0.014931842168342868,42,57627
ygiF-glnE,2,Weak,0.20531696834654597,0.13740559251135231,-0.06791137583519366,42,57627
groSL,2,Weak,0.9252820222410748,0.9139794441935739,-0.0113025780475009,42,57627
hypABCDE-fhlA,4,Weak,0.20342539406534388,0.1951745536692738,-0.008250840396070075,42,57627
yraIJK,2,Weak,0.12347988580376018,0.21969676961585388,0.0962168838120937,42,57627
hemA-prfA-prmC,3,Strong,0.530628052857746,0.5830859964483254,0.052457943590579426,42,57627
rapA-rluA,2,Weak,0.5179811021201884,0.4969502722543247,-0.021030829865863743,42,57627
modABC,3,Weak,0.19651367151356314,0.17854832136592372,-0.01796535014763942,42,57627
bcsABZC,4,Weak,0.2948684100164323,0.2861683948885685,-0.008700015127863836,42,57627
yggSTU-rdgB-hemW,5,Weak,0.2922988018541144,0.2581301545607348,-0.034168647293379595,42,57627
acrAB,2,Weak,0.7478767797554797,0.7405969168597546,-0.007279862895725131,42,57627
serC-aroA,2,Weak,0.7539617852091697,0.5315184255423971,-0.22244335966677253,42,57627
frdABCD,4,Weak,0.14756741142224217,0.035372263443521686,-0.11219514797872049,42,57627
sfsA-dksA,3,Strong,0.38604171927523834,0.3633309633027122,-0.022710755972526142,42,57627
dcuSR,2,Weak,0.28722698583019857,0.3531669514574744,0.06593996562727583,42,57627
srkA-dsbA,2,Weak,0.0017875559038322312,0.0866829779627832,0.08489542205895097,42,57627
ecnAB,2,Weak,0.4257335336176286,0.4158465219791258,-0.009887011638502807,42,57627
tatABC,4,Weak,0.36667943853181745,0.40902197563122744,0.042342537099409994,42,57627
pqiABC,3,Weak,0.39074914091105106,0.4766854755616768,0.08593633465062572,42,57627
thrLABC,3,Weak,0.6285081724379662,0.6476538807958293,0.01914570835786311,42,57627
yciZT,2,Weak,0.473813772865239,0.36853591264070473,-0.10527786022453428,42,57627
pdxH-tyrS-pdxY,3,Weak,-0.01889857907157148,0.027001317202204427,0.04589989627377591,42,57627
ugpBAECQ,3,Weak,0.014175847001744424,0.06512899128475709,0.05095314428301267,42,57627
rplM-rpsI,2,Weak,0.169338854242729,0.18928720217613007,0.019948347933401084,42,57627
chpSB,2,Weak,0.28464666296662616,0.25248608721248994,-0.03216057575413622,42,57627
leuQPV,3,Weak,0.2782178706873992,0.3172644064336067,0.03904653574620748,42,57627
bepA-yfgD,2,Weak,0.15277378497013236,0.024412131622097585,-0.1283616533480348,42,57627
argT-hisJQMP,5,Weak,0.29415508643898536,0.2657848430372124,-0.028370243401772965,42,57627
malXY,2,Weak,0.33329871727067073,0.48685102220298127,0.15355230493231053,42,57627
aceBAK,3,Weak,0.7143376290332885,0.7136986693969106,-0.0006389596363778338,42,57627
ackA-pta,2,Strong,0.7925883227031585,0.8478019291614814,0.05521360645832296,42,57627
gpmM-envC-yibQ,3,Weak,0.2361624745126529,0.19246833577916614,-0.043694138733486765,42,57627
hiuH-msrPQ,2,Weak,0.1863901002571171,0.39738637722197945,0.21099627696486234,42,57627
rph-pyrE,2,Weak,-0.05909928793725497,0.30378491034051547,0.3628841982777704,42,57627
tpke11,2,Weak,0.7813460992548482,0.7854451754747142,0.004099076219865938,42,57627
rlmE-ftsH,2,Strong,0.4652745124633986,0.504806587839495,0.03953207537609632,42,57627
garPLRK-rnpB,2,Weak,-0.1633757495259781,-0.33129189121264835,-0.16791614168667024,42,57627
accBC,2,Weak,0.6217674925100664,0.6811411771849778,0.05937368467491144,42,57627
glcDEFGBA,2,Weak,-0.10252369347420247,-0.18831384224178083,-0.08579014876757836,42,57627
yobA-yebZY,3,Weak,0.3798176878681077,0.4032109877290894,0.02339329986098171,42,57627
flhDC,2,Strong,0.30514953509616344,0.45125927725405424,0.1461097421578908,42,57627
yadV-htrE,2,Strong,0.6768645338409385,0.7633767166491711,0.08651218280823258,42,57627
glgBXCAP,5,Weak,0.3550030576312845,0.358122391910771,0.0031193342794865186,42,57627
ydcSTUV-patD,3,Weak,0.31342360081067366,0.3927452368946572,0.07932163608398352,42,57627
glrR-glnB,2,Weak,0.13744800858988726,0.10586562348007598,-0.031582385109811276,42,57627
appCBA-yccB,3,Weak,0.2138059612331481,0.19942966261265002,-0.01437629862049808,42,57627
rirA-rfaQGPSBIJYZ-waaU,10,Weak,0.4889284048271865,0.4450091838213668,-0.04391922100581974,42,57627
wcaCDEF-gmd-fcl-gmm-wcaI-cpsBG-wcaJ-wzxC,5,Weak,0.8379044496760601,0.8640029038254531,0.026098454149392936,42,57627
yobF-cspC,2,Weak,0.46772838347032764,0.5179096190474008,0.05018123557707321,42,57627
nanATEK-yhcH,2,Weak,0.05032807235851063,0.14660847752205972,0.09628040516354908,42,57627
cysJIH,3,Weak,0.044821033054846214,0.03667207745375067,-0.00814895560109554,42,57627
ecpBCDE,2,Weak,0.0223111990406311,0.16504397719356503,0.14273277815293395,42,57627
rnt-lhr,2,Weak,0.17313533874395612,0.28243497007137675,0.10929963132742063,42,57627
carAB,2,Strong,0.26833063782625655,0.36414400227918986,0.09581336445293331,42,57627
amiA-hemF,2,Strong,0.34228425853750766,0.464971658921847,0.12268740038433934,42,57627
kdtA-coaD,2,Weak,0.49466970591785825,0.43912888621916435,-0.0555408196986939,42,57627
cydAB,2,Weak,0.5932992179884387,0.6034134134084587,0.010114195420020011,42,57627
napFDAGHBC-ccmABCDEFGH,11,Weak,0.13246480164016067,0.10179567242987266,-0.030669129210288013,42,57627
ada-alkB,2,Weak,0.46528674479906756,0.3914473074417629,-0.07383943735730464,42,57627
yjjB-dnaTC-yjjA,3,Weak,0.4614407514172065,0.36375531810650763,-0.09768543331069884,42,57627
edd-eda,2,Strong,0.02809329917672345,-0.018330189895171784,-0.04642348907189524,42,57627
dapA-nlpB,2,Weak,0.270545621222841,0.4646420162264769,0.1940963950036359,42,57627
moaABCDE,5,Weak,0.23843350586544604,0.2005098645934516,-0.037923641271994435,42,57627
relBE-hokD,2,Weak,0.06531899170986244,0.33259750868157734,0.2672785169717149,42,57627
fepDGC,3,Weak,0.31452126374940687,0.3627299852495913,0.04820872150018446,42,57627
cmtBA-yggPF-fumE-yggC,2,Weak,0.09059151228827268,0.23608359541142757,0.14549208312315487,42,57627
mlaFEDCB,5,Weak,0.3890568537427489,0.3997851304762746,0.010728276733525721,42,57627
yciSM-pyrF-yciH,4,Weak,0.20663810851356668,0.20417831110162674,-0.00245979741193994,42,57627
ychQA-kdsA,3,Weak,0.49061487575248314,0.4541970911371845,-0.036417784615298654,42,57627
glpEGR,2,Weak,0.5184983758060482,0.4381286515950134,-0.08036972421103478,42,57627
mutY-yggX-mltC-nupG,4,Weak,0.3550508572188196,0.4289992338801858,0.07394837666136617,42,57627
macAB,2,Weak,0.184398911778021,0.20075352580150488,0.01635461402348387,42,57627
bamA-hlpA-lpxD-fabZ-lpxAB-rnhB-dnaE,8,Weak,0.5646675422944124,0.5530723957456879,-0.011595146548724511,42,57627
rpmH-rnpA,2,Weak,0.48865188918097724,0.4517192434038655,-0.03693264577711175,42,57627
gntXY,2,Weak,0.36401873265353035,0.11910509647297875,-0.24491363618055162,42,57627
glpTQ,2,Weak,0.1779533243642345,0.12910697883419442,-0.04884634553004008,42,57627
yibN-grxC-secB-gpsA,4,Weak,0.47510401928366836,0.47831999961465366,0.003215980330985302,42,57627
cvpA-purF-ubiX,3,Weak,0.3582182397530495,0.3075816268945167,-0.050636612858532826,42,57627
aroL-yaiA-aroM,3,Weak,0.15098331893083672,0.2783856543125289,0.12740233538169216,42,57627
mdoGH,2,Weak,0.6031376575969591,0.6233551308055356,0.020217473208576475,42,57627
talA-tktB,2,Weak,0.7717471698108966,0.6272999923591123,-0.14444717745178437,42,57627
ydjA-selD-topB,3,Weak,0.3323868326526469,0.366615291102207,0.03422845844956007,42,57627
rfaDFCL,4,Weak,0.5586911501545337,0.520337587745402,-0.03835356240913179,42,57627
gntRKU,3,Weak,0.21520029116641348,0.08576398883535741,-0.12943630233105607,42,57627
radA-nadR,3,Weak,0.21432130852172712,0.26025444670734926,0.04593313818562214,42,57627
ybgIJKL-nei,5,Weak,0.4186860535031377,0.38471631845429294,-0.03396973504884476,42,57627
tapT-patZ,2,Weak,0.19785582104406588,0.22003510807187487,0.022179287027808997,42,57627
gltI-sroC-gltJKL,5,Weak,0.308343886287617,0.2976892666451235,-0.01065461964249348,42,57627
rssAB,2,Weak,0.35186808547735277,0.33833472559914335,-0.013533359878209417,42,57627
dsbC-recJ-prfB,5,Weak,0.2639628624910445,0.24699262996383387,-0.016970232527210638,42,57627
dhaKLM,3,Weak,0.24083672211512633,0.22284956234426753,-0.017987159770858796,42,57627
rpsA-ihfB,3,Strong,0.2673404617076725,0.25377867308752594,-0.013561788620146564,42,57627
dcuB-fumB,2,Weak,-0.12631307164311084,-0.17115994340105645,-0.044846871757945606,42,57627
clpX-lon,3,Weak,0.5601106660100793,0.584423392634897,0.02431272662481765,42,57627
cobUST,3,Weak,0.4014139355412021,0.295252529068784,-0.10616140647241806,42,57627
focA-pflB,2,Strong,-0.056549493047931665,0.05034567111547471,0.10689516416340637,42,57627
nemRA-gloA,3,Weak,0.5644551663122491,0.5693023256936961,0.004847159381446975,42,57627
recAX,2,Weak,0.2836491766796132,0.3405142500121092,0.05686507333249602,42,57627
alsRBACE,2,Weak,-0.10216012682473373,0.0010004551363459093,0.10316058196107963,42,57627
nikABCDER,2,Weak,-0.1793051051844841,-0.18406879100422435,-0.004763685819740265,42,57627
mreBCD,3,Weak,0.4566490573379201,0.47607856341027155,0.019429506072351443,42,57627
galETKM,4,Strong,0.5850287383865668,0.5784518525920016,-0.006576885794565168,42,57627
fucPIKUR,4,Weak,0.25446130112983456,0.35576084506568767,0.10129954393585311,42,57627
hydN-hypF,2,Weak,-0.17545624902181928,0.15700353589849328,0.3324597849203126,42,57627
ilvLXG_1G_2MEDA,5,Weak,0.27057355187830534,0.2743262439197921,0.0037526920414867604,42,57627
fldA-uof-fur,3,Weak,0.4010705790794547,0.36082846199821933,-0.04024211708123537,42,57627
yliM-ompX,2,Weak,0.4676292563614196,0.48529305275526485,0.017663796393845244,42,57627
menFD-yfbB-menBCE,6,Weak,0.15363732475830813,0.13926515255199004,-0.01437217220631809,42,57627
holC-valS,2,Weak,0.4472480562742585,0.5922285504305493,0.14498049415629083,42,57627
gspAB,2,Weak,-0.0778252012631519,0.030810771169897725,0.10863597243304962,42,57627
hsdRMS,3,Weak,0.3982436438963847,0.4883609592575038,0.09011731536111905,42,57627
aspA-dcuA,2,Weak,0.48045835201890585,0.4783091776536778,-0.002149174365228046,42,57627
yicR-rpmBG-mutM,4,Weak,0.10534859007266895,0.1801006949867963,0.07475210491412734,42,57627
pspABCDE,4,Weak,0.10170801350444918,0.0846519356424783,-0.017056077861970873,42,57627
ribF-ileS-lspA-fkpB-ispH,5,Weak,0.489411789597965,0.5232455898414589,0.03383380024349386,42,57627
dxr-uppS-cdsA,2,Weak,0.6326965786136849,0.5823553045355949,-0.05034127407808997,42,57627
deoCABD,4,Weak,0.3592871960366289,0.3551221284182435,-0.004165067618385421,42,57627
sdhCDAB-sucABCD-sdhX,8,Weak,0.35764249107074847,0.32844092151264254,-0.029201569558105933,42,57627
pdhR-aceEF-lpdA,4,Strong,0.4701862243101195,0.4970328398492983,0.026846615539178775,42,57627
epd-pgk-fbaA,3,Weak,0.5025855347178445,0.48818584630966194,-0.014399688408182565,42,57627
aroKB-damX-dam-rpe-gph-trpS,7,Strong,0.43963982141684793,0.46901687997445,0.029377058557602087,42,57627
proVWX,2,Weak,0.15191951875178275,0.26362572298474446,0.11170620423296171,42,57627
phoPQ,2,Weak,0.1340676333453329,0.16431637934474683,0.030248745999413934,42,57627
nudB-yebC-ruvC,3,Weak,0.27383316681821485,0.3312954861484309,0.05746231933021606,42,57627
pth-ychF,2,Strong,0.23863363064357843,0.21352812890600883,-0.02510550173756959,42,57627
alaA-yfbR,2,Weak,0.1446110581560341,0.1380477280739798,-0.006563330082054286,42,57627
yqhD-dkgA,2,Weak,0.06784224233395679,0.12962017783152027,0.06177793549756348,42,57627
yjeFE-amiB-mutL-miaA-hfq-hflXKC,9,Weak,0.37593848275806185,0.3752894130125377,-0.0006490697455241445,42,57627
speAB,2,Weak,0.4972554313152732,0.47319168572095544,-0.024063745594317787,42,57627
ptsHI-crr,3,Weak,0.6764724464434858,0.6871208649902975,0.010648418546811644,42,57627
dpiBA,2,Weak,-0.027928847104398094,0.06975810785175786,0.09768695495615595,42,57627
relA-mazEF,4,Weak,0.5546136680212522,0.6026961118393014,0.04808244381804916,42,57627
dsdXA,2,Weak,0.09779593760924551,-0.09825260729683612,-0.19604854490608165,42,57627
rplKAJL-rpoBC,6,Weak,0.12212490666711513,0.15910027080132874,0.03697536413421361,42,57627
gcvTHP,3,Weak,0.48126129325604666,0.49913629612521887,0.017875002869172207,42,57627
rcsDB,2,Weak,0.5536193970952641,0.5407882440919439,-0.012831153003320162,42,57627
ahpCF,2,Weak,0.4529106140973116,0.30117593518743596,-0.15173467890987563,42,57627
lptAB-rpoN-hpf-ptsN-rapZ-npr,11,Weak,0.510575530833101,0.5110171702950571,0.00044163946195607817,42,57627
mhpR-lacI,2,Weak,0.27076306292951485,0.02806816571180959,-0.24269489721770526,42,57627
ynfEFGH-dmsD,4,Weak,0.04289255398292768,0.08816529680375891,0.045272742820831234,42,57627
dppABCDF,5,Weak,0.6182810736575419,0.6571916700584423,0.03891059640090033,42,57627
ssrS-ygfA,2,Weak,0.6345302403419841,0.7388717265466827,0.10434148620469852,42,57627
nrdAB-yfaE,3,Weak,0.7887562843990213,0.8490955272031503,0.060339242804128945,42,57627
nlpD-rpoS,2,Weak,0.6769405541523454,0.6818853266502157,0.004944772497870287,42,57627
malPQ,2,Weak,0.18614988936006185,0.2645983090688197,0.07844841970875785,42,57627
surA-pdxA-rsmA-apaGH,6,Weak,0.43785339257107125,0.4436012671078347,0.005747874536763453,42,57627
pcnB-folK,2,Weak,0.613760402227336,0.6487034626176096,0.03494306039027362,42,57627
rpmF-plsX-fabHDG,8,Weak,0.26130771832439714,0.27065468190785175,0.009346963583454604,42,57627
cbrBC,2,Weak,0.5724647683004966,0.5073399797027476,-0.06512478859774906,42,57627
yfiR-dgcN-yfiB,3,Weak,0.16850212849971438,0.18586657464567868,0.017364446145964302,42,57627
ychJ-purU,2,Weak,0.060494154364991753,-0.004334279206514381,-0.06482843357150614,42,57627
casDE-ygbTF,2,Weak,-0.008987780709510675,0.15842731971795285,0.16741510042746352,42,57627
metY-yhbC-nusA-infB-rbfA-truB-rpsO-pnp,11,Weak,0.4225835863626475,0.4697585425827466,0.047174956220099096,42,57627
mqsRA,2,Weak,0.32618619532459864,0.25143230800920463,-0.07475388731539401,42,57627
hisLGDCBHAFI,8,Weak,0.3876012867417585,0.36039761235787043,-0.027203674383888043,42,57627
secG-leuU,2,Weak,0.5001334101609453,0.5570411949526141,0.0569077847916688,42,57627
rseD-rpoE-rseABC,5,Weak,0.5918694960154102,0.6045193612767111,0.012649865261300963,42,57627
yajG-ampG,2,Weak,0.37069194531820004,0.4217253979361539,0.051033452617953834,42,57627
ymdAB-clsC,2,Weak,0.1838672000224166,0.04859213309134139,-0.13527506693107522,42,57627
gadAX,2,Weak,0.6349523772240566,0.6750067030619408,0.04005432583788415,42,57627
rpsLG-fusA-tufA,4,Weak,0.4791941664192511,0.4959256260870209,0.016731459667769788,42,57627
idnDOTR,2,Strong,-0.34864329263593447,-0.18841690070089176,0.1602263919350427,42,57627
mraZW-ftsLIO-murEF-mraY-murD-ftsW-murGC-ddlB-ftsQAZ-lpxC,16,Weak,0.42927086838276407,0.4440843484568781,0.014813480074114038,42,57627
gapA-yeaD,2,Weak,0.423790260210364,0.41303095128854367,-0.01075930892182031,42,57627
tolC-ygiBC,3,Strong,0.3472266940455302,0.31318997711710955,-0.03403671692842064,42,57627
oppABCDF,5,Weak,0.7481570674359255,0.7517727309431622,0.003615663507236744,42,57627
hdeAB-yhiD,2,Weak,0.2628856567402114,0.4969184274288672,0.2340327706886558,42,57627
ybeD-lipB,2,Weak,0.24278049257381032,0.20465353684137247,-0.03812695573243785,42,57627
mgtA,2,Weak,0.2623135900198818,0.1439027043369549,-0.1184108856829269,42,57627
degQS,2,Weak,0.3084729841730705,0.24728315687452823,-0.061189827298542276,42,57627
sgrR-sroA-thiBPQ,5,Weak,0.1441375029735646,0.08537571265593616,-0.05876179031762843,42,57627
rnc-era-recO-pdxJ-acpS,5,Weak,0.2720946518895603,0.25684431681422326,-0.015250335075337018,42,57627
gltBDF,3,Weak,0.292922597268609,0.3452601291854845,0.05233753191687551,42,57627
murQP-yfeW,3,Weak,0.30606762183931213,0.3044691265843267,-0.0015984952549854547,42,57627
rnlAB,2,Weak,0.235358291054015,0.21034850574723515,-0.025009785306779858,42,57627
artPIQM,4,Weak,0.3223682092312446,0.31649493760535935,-0.005873271625885246,42,57627
dnaAN-recF,3,Strong,0.9025823185336129,0.8733132211243885,-0.029269097409224454,42,57627
pyrG-eno,2,Weak,0.22239799506674318,0.3042254384116281,0.0818274433448849,42,57627
thrS-infC-rpmI-rplT-pheMST-ihfA,7,Weak,0.24904753440645214,0.2387634614651319,-0.01028407294132025,42,57627
glaH-lhgD-gabDTP-glaR,2,Weak,-0.14900058523447782,-0.03340642301370767,0.11559416222077015,42,57627
btuCED,3,Weak,0.13386266761099286,0.23253664084117232,0.09867397323017946,42,57627
menA-rraA,2,Weak,0.4548020122651032,0.3291755760470904,-0.12562643621801278,42,57627
caiTABCDE,3,Weak,0.14894261212782337,0.06941896618509576,-0.07952364594272761,42,57627
ivbL-ilvBN-uhpABC,5,Weak,0.1688282116954534,0.17475256747434614,0.005924355778892748,42,57627
fumAC,2,Weak,0.1450287914227393,0.09635756262314904,-0.048671228799590266,42,57627
rpsMKD-rpoA-rplQ,5,Weak,0.24309845845723038,0.28611733109212056,0.04301887263489018,42,57627
rpsU-dnaG-rpoD,3,Weak,0.2678669165215786,0.2913590399384507,0.02349212341687207,42,57627
asnC-mioC-mnmG,4,Weak,0.1663290983188674,0.19535717600123906,0.029028077682371645,42,57627
poxB-ltaE-ybjT,4,Weak,0.32463645812651015,0.348917555571372,0.024281097444861843,42,57627
glnAZLG,3,Weak,0.17916323712367474,0.17340691818954376,-0.005756318934130977,42,57627
serV-argVYZQ,5,Weak,0.35661259872696,0.37775486800031277,0.021142269273352776,42,57627
acs-yjcHG,2,Weak,0.25622785511266083,-0.0346225563982008,-0.2908504115108616,42,57627
pntAB,2,Weak,0.7088409179617755,0.6824664043578484,-0.026374513603927063,42,57627
gatYZABCD,5,Weak,0.45094284243304755,0.4255657352433994,-0.02537710718964814,42,57627
