operon_name,n_genes,confidence,r_standard,r_operon,delta
ycaR-kdsB,2,Weak,0.14627797668480483,0.04536319246085183,-0.100914784223953
yjjUV,2,Weak,0.38572075712761644,0.6977908274145934,0.312070070286977
yqcC-truC-yqcA,3,Weak,0.077697718410428,0.3820054353813069,0.3043077169708789
dinJ-yafQ,2,Weak,0.46742607078321174,0.7952765974815514,0.3278505266983397
pgpC-tadA,2,Weak,0.2102227358456839,0.523363670567289,0.31314093472160515
mdtUJI,2,Weak,0.3066913350195358,0.5133997628842928,0.20670842786475696
betIBA,3,,0.43628541466205845,0.7184979431739786,0.2822125285119202
mdlAB,2,Weak,0.6571042807556725,0.5169817799971572,-0.1401225007585153
ynfB-speG,2,Weak,0.27850301069163264,0.30202345666360036,0.02352044597196773
ppdD-hofBC,2,Weak,0.3608437702728052,0.6044847555364765,0.24364098526367134
mcrBC,2,Strong,0.19157408663460046,0.5489810852377885,0.3574069986031881
yiiS-uspD,2,Weak,0.39610308649927933,0.8158691611711046,0.4197660746718253
valUXY-lysV,2,Weak,0.5490566591621153,0.7571997558188213,0.20814309665670594
pgaABCD,2,Weak,0.3514203533784512,0.8017260096688288,0.4503056562903776
fetAB,2,Weak,0.23050495783261285,0.15286520742101067,-0.07763975041160218
yccFS,2,Weak,0.18584727746743185,0.31408194714819637,0.12823466968076452
yciVOQ,2,Weak,0.4846259351629399,0.735842339182316,0.2512164040193761
abpAB,2,Weak,0.32253413402600395,0.45394661538562997,0.13141248135962602
ymfA-ycfZ,2,Weak,0.4542904523028084,0.2587718546242344,-0.195518597678574
brnQ-proY,2,Weak,0.14020745033554277,0.13500083034328247,-0.005206619992260297
yqgEF,2,Weak,0.11376497707736527,0.5453901711682162,0.4316251940908509
phoBR,2,,0.4173097762914909,0.7632305477284282,0.34592077143693734
yadGH,2,Weak,0.5197625726711159,0.007283308043785979,-0.51247926462733
xylAB,2,Weak,0.13267861001120995,0.48815289835865205,0.3554742883474421
hinT-ycfL-lpoB-thiK-nagZ-ycfP,6,Weak,0.1062785985790314,0.24643447864623694,0.14015588006720553
ykgEFG,2,Weak,0.1029469050916609,0.1533878203514635,0.0504409152598026
bcsEFG,3,Weak,0.5316515078199738,0.5704436719740507,0.038792164154076825
ypfJ-tmcA,2,Weak,0.2684150670975858,0.4133671669122074,0.1449520998146216
yqiJK,2,Weak,0.6117333703735636,0.9218742104313333,0.31014084005776976
cydDC,2,Strong,0.28737293565939787,0.3954333342627315,0.10806039860333361
uxuAB,2,Weak,0.328016232902833,0.7191625476637435,0.39114631476091055
yfdGHI,3,Weak,0.6630120964081229,0.7136122471611724,0.05060015075304958
elfDCG-ycbUVF,2,Weak,0.22117142939188636,0.17986538858065249,-0.041306040811233874
yegTUV,2,Weak,0.1384175610193177,0.2924264745802406,0.15400891356092292
yfhM-pbpC,2,Weak,0.4381781875252572,0.6145880765425518,0.17640988901729454
yheSTU,3,Weak,0.4157550750805958,0.4023367730683063,-0.013418302012289496
ydbH-ynbE-ydbL,3,Weak,0.47851291906564136,0.4847473739953266,0.006234454929685218
pyrLBI,2,Weak,-0.089538158015485,0.4973591788054381,0.5868973368209232
ybaB-recR,2,Weak,0.4290617998173786,0.6151230683246606,0.186061268507282
ycaI-msbA-lpxK-ycaQ,4,Weak,0.27872480745925055,0.42716397903322784,0.1484391715739773
essQ-ydfR-rrrQ-rzpQ-rzoQ,2,Weak,0.6638063827246115,0.5559771717533496,-0.10782921097126186
prmB-aroC-mepA-yfcA-epmC-yfcL,6,Weak,0.375240183619873,0.4803018275235517,0.10506164390367873
yhdT-panF-prmA,3,Weak,0.27649926867229935,0.4193492255390477,0.14284995686674834
sbcDC,2,Weak,0.06055949138033248,0.2782290591419652,0.21766956776163274
ybgTE,2,Weak,-0.40181026204975917,0.414967692133303,0.8167779541830622
guaBA,2,Weak,0.447231324429401,0.5546204191091478,0.10738909467974683
thiCEFSGH,5,,0.30441715473255637,0.3737563794383997,0.0693392247058433
rppH-ptsP,2,Weak,0.12043167709496393,0.22781715519251847,0.10738547809755454
pabC-mltG-tmk-holB-ycfH,5,Weak,0.3001418783647581,0.33679462444807,0.03665274608331193
lldPRD,3,Weak,0.5391415990533965,0.6520579361487604,0.11291633709536386
ispDF,2,Weak,0.22264300714154803,0.4078184278234256,0.18517542068187756
yqaBA,2,Weak,0.4454810219862538,0.5305906696861786,0.08510964769992485
bamB-der,2,Weak,0.6519311050354522,0.6493302570008219,-0.002600848034630232
hybOABCDEFG,7,Weak,0.13418725656487734,0.26418494055501807,0.12999768399014072
nfrBA,2,,0.0711090444307508,0.03426418268206178,-0.03684486174868903
nudF-yqiB-cpdA-yqiA-parE,5,Weak,0.2685371547745195,0.4177880211620527,0.1492508663875332
ravA-viaA,2,Weak,0.24806153574155382,0.3134264058519516,0.06536487011039777
xanQ-guaD-ghxQ,2,Weak,-0.33359252622116453,0.5144422299076168,0.8480347561287813
wecA-wzzE-wecBC-rffGHC-wecE-wzxE-wecF-wzyE-rffM,11,Weak,0.601494013321774,0.632474674484629,0.030980661162855028
sanA-yeiS,2,Weak,0.4434246469626362,0.65564940757382,0.21222476061118373
sbmA-yaiW,2,Weak,0.5522582812283767,0.6402423469537595,0.08798406572538275
lolA-rarA,2,Weak,0.8309523494728707,0.772512296280028,-0.05844005319284262
def-fmt,2,Weak,0.5470304135822092,0.6680484494272391,0.1210180358450299
ydgI-folM,2,Weak,0.48654405066487366,0.5230692959760621,0.03652524531118845
arsRBC,3,Weak,0.5230893935147365,0.8555411392928116,0.3324517457780751
dusB-fis,2,Weak,0.7349845191863634,0.643885366150972,-0.0910991530353914
codBA,2,Weak,0.42410493588068027,0.5170801832546565,0.09297524737397628
yaeQ-arfB-nlpE,3,Weak,0.296961285883399,0.46254134268594344,0.16558005680254445
moeAB,2,,0.006213504075105812,0.49767615090992445,0.49146264683481866
wbbIJK,3,Weak,0.8131628507628484,0.8379165445481821,0.024753693785333652
ratA-yfjF,2,Weak,0.34759408969390604,0.308415191108303,-0.03917889858560303
gspCDEFGHIJKLMO,4,Weak,0.19064646368895577,0.20460549788526153,0.013959034196305758
htrG-cca,2,Weak,0.6629039501588597,0.7732804837612253,0.11037653360236555
nrdHIEF,3,Strong,0.41252108777396485,0.5693667597243599,0.15684567195039506
basRS,2,,0.2894675144997235,0.6352556067560264,0.3457880922563029
purEK,2,,0.4702895943149103,0.34692612257188515,-0.12336347174302514
puuAP,2,Weak,0.3693548466623655,0.22020561250421905,-0.14914923415814646
nudC-hemE-nfi,3,Weak,0.3467935720727378,0.39721410960850667,0.05042053753576886
argX-hisR-leuT-proM,4,Weak,0.3145776051967324,0.6057639739766973,0.29118636877996495
yieEF,2,Weak,0.7561995803181011,0.8056011763055854,0.04940159598748428
pdeI-dgcI,2,Weak,0.40354212368558723,0.6994169580625,0.2958748343769128
yohJK,2,Weak,-0.26740165503534924,0.19568065847908972,0.46308231351443896
arnBCADTEF,3,Weak,0.3055654374350263,0.48072709753746984,0.17516166010244355
wcaKLM,2,Weak,0.5935213658455998,0.5729858691753567,-0.020535496670243125
yfbU-hxpA,2,Weak,0.32826104734352873,0.6991727418383372,0.3709116944948085
folP-glmM,2,Weak,0.359300081872246,0.31648752321956125,-0.04281255865268474
fdnGHI,2,,0.10231733165708295,0.7353244434434962,0.6330071117864133
mntR-ybiR,2,Weak,0.46370009074715723,0.41548956470620946,-0.048210526040947776
selAB,2,Weak,0.5488269647620568,0.45696364515926,-0.09186331960279681
tomB-hha,2,Weak,0.4785454068524684,0.6716643753288267,0.19311896847635834
lexA-dinF,2,Strong,0.6633302800613637,0.7692904959767938,0.10596021591543003
yffB-dapE-ypfN,3,Weak,0.384403662289873,0.6572827579665911,0.2728790956767181
eutBCLKR,5,Weak,0.054752858463030664,0.2625529085831449,0.20780005012011424
metZWV,3,Weak,0.23194758069703725,0.5495270916963758,0.31757951099933857
hemCDXY,4,,0.37453060650758596,0.4168227037286143,0.042292097221028335
mtlADR,3,Strong,0.16091507000844454,0.2278173527380598,0.06690228272961526
yciK-btuR,2,Weak,0.31861332057265396,0.1816752837598452,-0.13693803681280875
umpG-pcm,2,Weak,0.5477497609139674,0.6405339081042702,0.09278414719030281
aas-lplT,2,Weak,0.5449689869462374,0.5369590548292856,-0.008009932116951779
hslVU,2,Weak,0.7420428521596241,0.7953966799774769,0.053353827817852806
kefFC,2,Weak,0.28405934215807577,0.03163373863590223,-0.2524256035221735
ansA-pncA,2,Strong,0.11525481854914582,0.11630553266873166,0.0010507141195858355
rplNXE-rpsNH-rplFR-rpsE-rpmD-rplO-secY-rpmJ,12,Weak,0.3731906943296612,0.37243787541620227,-0.0007528189134589081
ygcNOP,2,Weak,0.5383459938162166,0.5918287852454076,0.05348279142919099
ppk-ppx,2,Weak,0.6137862206403417,0.640926561477443,0.027140340837101262
ydjXYZ-ynjABCD,4,Weak,0.1251647673860786,0.3758059791895438,0.2506412118034652
proQ-prc,2,Weak,0.26333479190326947,0.37882638620116715,0.11549159429789768
lysT-valT-lysW,3,Weak,0.46618377007587525,0.6358208489506295,0.16963707887475427
psd-mscM,2,Weak,0.395693099080092,0.5314344301571328,0.13574133107704078
yabPQ,2,Weak,0.1710256688175933,0.13781170402793083,-0.03321396478966246
folX-yfcH,2,Weak,0.20959045930387524,0.384523351960418,0.17493289265654274
yhiI-rbbA-yhhJ,3,Weak,0.4780794101538251,0.6317128770628767,0.1536334669090516
lgt-thyA,2,Weak,0.5620605853793411,0.5715673596534632,0.009506774274122054
yeeRST-cbeA-cbtA-yeeW,2,Weak,0.2720849669020056,0.2818622470226934,0.009777280120687792
zraSR,2,Weak,0.39866481305948304,0.435156695076229,0.03649188201674597
dcm-vsr,2,,0.26500842261330965,0.35765289610686185,0.0926444734935522
dosCP,2,Weak,-0.058504308057814404,0.6092585217190715,0.6677628297768858
potABCD,4,,0.4516956148992241,0.5614140640453185,0.10971844914609435
yddAB,2,Weak,-0.11444860578598165,0.5580934882533731,0.6725420940393547
sapABCDF,5,Weak,0.4192706274461182,0.4663552979496951,0.0470846705035769
ymfED,2,Weak,0.3735628723382278,0.7580312066048172,0.38446833426658933
tdcABCDEFG,4,Weak,0.19955526073394184,0.3872568459530346,0.18770158521909278
sufABCDSE,6,Weak,0.13713714709459374,0.4265884137734003,0.28945126667880655
glnHPQ,3,,0.6015491488322634,0.6136716016568577,0.012122452824594343
kbl-tdh,2,,0.49961401454346455,0.4780817173811867,-0.021532297162277836
ybgC-tolQRA,4,Strong,0.5395501167910125,0.4797150603208413,-0.05983505647017118
znuCB,2,Weak,0.5211484608659909,0.5397590932747715,0.01861063240878058
tehAB,2,Weak,-0.2571536160605,0.01470510576053781,0.2718587218210378
tamAB-ytfP,3,Weak,0.271039425145106,0.4158303982620039,0.14479097311689793
metBL,2,Strong,0.3619149833415804,0.609787595095636,0.24787261175405556
yieP-hsrA,2,Weak,0.3175184389574608,0.6855745007900791,0.3680560618326183
modEF,2,Weak,-0.15092830781310582,0.561899747442071,0.7128280552551769
nagBACD,4,Strong,0.3562204722594425,0.42354109803935597,0.06732062577991349
yecN-cmoAB,3,Weak,0.3796118403560855,0.55088759328339,0.17127575292730451
chbBCARFG,5,,0.36875266113309296,0.6679450750330996,0.29919241390000667
glyQS,2,Weak,0.7091563164627722,0.7478761490359849,0.038719832573212654
yicJI,2,Weak,0.5175474325472299,0.8162177410934611,0.2986703085462312
yobB-exoX,2,Weak,0.2847375137098366,0.7756016412285649,0.4908641275187283
dcyD-tcyLN,3,Weak,0.13034644445202165,0.4046833978557968,0.2743369534037752
higBA,2,Weak,0.6875698945508613,0.689467096981875,0.001897202431013767
lolCDE,3,Weak,0.6107048080656593,0.5080370918590664,-0.10266771620659287
hscBA-fdx-iscX,4,Weak,0.527659749872996,0.5723157342419234,0.04465598436892737
yihV-csqR,2,Weak,-0.2646569644760099,0.43205710709817974,0.6967140715741896
lsrRK,2,Weak,0.23380416991745304,0.5711864489826962,0.3373822790652432
ftsYEX,3,Weak,0.41298485841472915,0.6358075066577162,0.2228226482429871
yecDE,2,Weak,0.2771301924754065,0.35995754192871016,0.08282734945330367
rbsDACBZKR,6,Weak,0.4404081932491804,0.5456775159428073,0.10526932269362693
lepAB,2,Weak,0.7960020264057865,0.762802295973602,-0.03319973043218449
panE-yajL,2,Weak,0.0682084767887976,-0.02249591476478619,-0.09070439155358379
ydhIJK,3,Weak,0.5208389781270747,0.728115399393924,0.2072764212668493
yajC-secDF,4,Weak,0.6415950086797332,0.6364663105085044,-0.0051286981712287405
rcsF-trmO,2,Weak,0.42182717988209867,0.6420382887083457,0.220211108826247
yphCB,2,Weak,0.04592839781164007,0.5063504830380481,0.46042208522640804
iaaA-gsiABCD,5,Weak,0.20489387733480346,0.548683297525143,0.34378942019033953
rpoZ-spoT-trmH-recG,4,Weak,0.6039257513168707,0.6574771032479058,0.05355135193103511
yigGF,2,Weak,0.06556197808846762,0.5611969099196317,0.495634931831164
efeOB,2,Weak,0.13989991377319608,0.32449832046934196,0.18459840669614588
glpFKX,3,Weak,0.3458813273972193,0.47188406246694664,0.12600273506972737
dut-slmA,2,Weak,0.31581313225757,0.4398976657536645,0.1240845334960945
tsaB-yeaY,2,Weak,0.29139640736205225,0.43269093189411495,0.1412945245320627
secE-nusG,2,Weak,0.5680007400202682,0.5465921611930352,-0.021408578827233016
thrU-tyrU-glyT-thrT-tufB,5,Weak,0.5550102469597376,0.5202835248616401,-0.03472672209809746
hslR-hslO,3,Weak,0.46488207380133373,0.473245766967141,0.008363693165807262
sspAB,2,Strong,-0.02217716186362767,-0.11977932893076469,-0.09760216706713702
hprRS,2,Weak,-0.012904306471137212,0.3889550331488233,0.4018593396199605
aroF-tyrA,2,Weak,0.7691868814800376,0.7644080726069534,-0.004778808873084128
valZ-lysY,2,Weak,0.3269687144546949,0.6238590277201087,0.2968903132654138
fepA-entD,2,Weak,0.6475476961445314,0.690819486128759,0.04327178998422754
pyrSR-ypdC,3,Weak,-0.03654802332610934,0.34539490935809125,0.3819429326842006
glf-rfc,2,Weak,0.8208831464916213,0.8815908121983964,0.060707665706775105
rsfS-rlmH-mrdAB-rlpA,5,Weak,0.22080877019638914,0.3411627049974958,0.12035393480110665
leuS-lptE-holA-nadD-cobC,5,Weak,0.5233243952010316,0.5349784371250019,0.011654041923970349
melAB,2,Weak,0.2542178484876301,0.755634891310489,0.5014170428228588
mobAB,2,Weak,0.2989654930566135,0.3569902293417905,0.05802473628517696
mdtABCD-baeSR,6,Weak,0.28618919581066954,0.36527862456772264,0.0790894287570531
qseBC,2,Weak,0.04218515816557168,0.10267320126362073,0.060488043098049046
valVW,2,Weak,0.46605046308799897,0.8281004594043518,0.3620499963163529
yqjCDEK,4,Weak,0.11805489587653666,0.29805740214395154,0.18000250626741487
yifL-dapF-yigA-xerC-yigB,4,Weak,0.5052561774802484,0.363193556294491,-0.1420626211857574
rsmE-gshB,2,Weak,0.40386465263664395,0.5368621927319973,0.13299754009535336
nirBDC-cysG,3,Weak,0.16808785717158484,0.35982752973452997,0.19173967256294513
puuDRCBE,3,Weak,0.2003804700262565,0.5665820355743686,0.3662015655481121
ybjO-rlmC,2,Weak,0.08425307471266387,0.4343396137031908,0.35008653899052694
yqjA-mzrA,2,Weak,0.23967644769392188,0.43316429791664823,0.19348785022272635
fadBA,2,Weak,0.09190375808261082,0.7177728051394999,0.6258690470568891
ubiEJB,3,Strong,0.42193184295149216,0.47587513486375804,0.05394329191226588
uvrYC,2,,0.6142701241286768,0.7077502107033563,0.09348008657467954
atpIBEFHAGDC,9,Weak,0.3426961214029073,0.3517759236935359,0.009079802290628602
prlC-yhiQ,2,Weak,0.43625299938082385,0.7209356310760535,0.28468263169522967
yhdN-zntR,2,Weak,0.3504119091491141,0.6206317377389929,0.27021982858987886
yihXY-dtd-fabY,3,Weak,0.20185531677170268,0.2814595218747595,0.0796042051030568
trpLEDCBA,5,Weak,0.3458848530930206,0.6342740130201447,0.28838915992712416
mdtM-yjiN,2,Weak,0.3017989723515613,0.8556947390786086,0.5538957667270473
sdhE-ygfX,2,Weak,0.07779816123128626,-0.018502146637307763,-0.09630030786859402
yfeYX,2,Weak,0.3262891941259534,0.47194203074477475,0.14565283661882134
rhoL-rho,2,Weak,0.8164529508705684,0.8297952881505646,0.01334233727999623
ytfQRT-yjfF,2,Weak,0.6031495144474981,0.8939732914682292,0.29082377702073114
rlmL-uup,2,Strong,0.5962668079925955,0.6253728412406965,0.029106033248101015
xseB-ispA-dxs-yajO,4,Weak,0.40084951985165057,0.5790246626298271,0.17817514277817653
gfcE-etp-etk,2,Weak,0.11294409233618147,0.2565108309495208,0.14356673861333935
narGHJI,2,,0.2419796143414126,0.30375598158514955,0.061776367243736946
dadAX,2,Weak,0.712583902376599,0.7407232390516849,0.028139336675085946
ampDE,2,,0.2527990920248196,0.5105724854769276,0.257773393452108
yacC-speED,3,Weak,0.46461848531474126,0.4859024956824662,0.021284010367724926
folD-ybcJ,2,Weak,0.2702590474490942,0.46853426772829204,0.19827522027919786
nrdDG,2,Weak,0.4718718705782172,0.8590400729777201,0.3871682023995029
araE-ygeA,2,Weak,0.27537167977426025,0.7233061185825879,0.4479344388083276
yeiR-lpxT,2,Weak,0.10041605444096455,0.18313777134363157,0.08272171690266703
btuB-murI,2,Weak,0.3689115842875645,0.47620902386667335,0.10729743957910887
tesA-ybbO,2,Weak,-0.056579749885595165,0.07078661601277979,0.12736636589837497
secMA-mutT,3,Strong,0.4362418788598421,0.5482120796146379,0.1119702007547958
argF-xynR,2,Weak,0.5024341578759914,0.7143420488503311,0.2119078909743397
cysPUWAM,2,,0.2152761080023485,0.7701770152841702,0.5549009072818216
yjbQR,2,Weak,0.14037327469692915,0.7243465287618037,0.5839732540648745
ydgK-rsxABCDGE-nth,8,Strong,0.4118443345201633,0.5344206216854706,0.12257628716530727
uxaCA,2,Weak,0.5557325182326759,0.8522385528319639,0.29650603459928804
yciCB,2,Weak,0.2811684926736488,0.6318189343631152,0.3506504416894664
aaeXAB,2,Weak,0.23308660623213803,0.4935590929248011,0.2604724866926631
ispG-sroE,2,Strong,0.45724101809290985,0.5304979938828538,0.07325697578994395
lptFG,2,Weak,0.5144395932958996,0.34228047961142744,-0.17215911368447218
ycdXY,2,Weak,0.2445398047321476,0.5742597719288655,0.32971996719671787
ruvAB,2,Weak,0.2551568136942472,0.2819282716637384,0.026771457969491208
tag-yiaC,2,Weak,0.6634310213983389,0.48601813925322723,-0.17741288214511164
coaE-zapD-yacG,3,Weak,0.3504599397826353,0.379299227244512,0.028839287461876695
rplU-rpmA-yhbE-obgE,4,Weak,0.07543118852514853,0.042004447803454505,-0.03342674072169403
mglBAC,3,Weak,0.30631746628351997,0.48925687984988037,0.1829394135663604
cyuPA,2,Weak,0.4023783634607283,0.5092861470977107,0.10690778363698239
nagK-cobB,2,Weak,0.5756980112769899,0.7404295494260938,0.1647315381491039
smtA-mukFEB,4,Weak,0.42273023584099434,0.40139451861560665,-0.021335717225387685
yedEF,2,Weak,0.522509050030885,0.29645165256578226,-0.22605739746510273
ybgQPOD,2,Weak,-0.017278291578651725,0.7663743464615861,0.7836526380402378
csdAE,2,Weak,0.4460535620606707,0.7017527778556494,0.2556992157949787
proBA,2,,0.50044773044877,0.6447069933369468,0.1442592628881768
treBC,2,Weak,0.09884899856629668,0.36891950224500364,0.27007050367870694
pldB-yigL,2,Weak,0.1835550232604774,0.7227611211162283,0.5392060978557509
nadA-pnuC,2,Weak,0.6897570652563738,0.7738444648560352,0.08408739959966138
dinB-yafNOP,4,Weak,0.27894900721296917,0.7570316928404711,0.47808268562750195
ppiB-lpxH,2,Weak,0.3069684971965847,0.40474157143403533,0.09777307423745063
alaWX,2,Weak,0.1582199672457105,0.6575158375433127,0.49929587029760214
yefM-yoeB,2,Weak,0.7481904803081403,0.6205202510155616,-0.12767022929257865
fabR-yijD,2,Weak,0.42638680012662533,0.30684068151565363,-0.1195461186109717
srlAEBD-gutM-srlR-gutQ,3,Strong,0.2365577512286682,0.3489426274391021,0.11238487621043389
lolB-ispE-prs,3,Weak,0.25973207355956673,0.34209186596013724,0.08235979240057051
metNIQ,3,Weak,0.3753055367440199,0.5726632636760614,0.19735772693204146
nanXY,2,Weak,0.21882424180029028,0.5447664128654016,0.32594217106511136
glyW-cysT-leuZ,3,Weak,0.31772040251618655,0.6706121426936497,0.3528917401774631
isrC-flu,2,Weak,0.31147789602402376,0.3940825973110023,0.08260470128697855
recET-ralR-rcbA-xisR-intR,2,Weak,0.08749274203010705,0.29969596731457954,0.2122032252844725
fimAICDFGH,4,Strong,0.8273798718659924,0.9029793558880974,0.07559948402210503
panBC,2,Strong,0.48668542797563463,0.5843619831751574,0.09767655519952279
ynbABCD,2,Weak,0.3492366336461397,0.890178033207195,0.5409413995610552
yaeP-rof,2,Weak,0.18256834792391954,0.44055253305196707,0.25798418512804755
pepQ-yigZ-trkH-hemG,4,Weak,0.3999319287469758,0.5852370394114396,0.18530511066446376
ybbAP,2,Weak,0.10911443068517111,0.5189987530339408,0.4098843223487697
malEFGH,2,Weak,0.15564715525821401,0.8649403571851891,0.7092932019269751
ligA-ypeB,2,Weak,0.44084390453660477,0.5433218879123063,0.10247798337570152
argCBH,3,Weak,0.33323651654116676,0.6271038934124346,0.2938673768712678
nsrR-rnr-rlmB-yjfI,3,Weak,0.5709649979355567,0.6255956654630824,0.05463066752752577
cpxRA,2,Weak,0.5535996514289386,0.27039920081144353,-0.2832004506174951
yheO-tusDCB,4,Weak,0.11534547701958457,0.40270436312731483,0.28735888610773025
ybjJI,2,Weak,0.7111045984756835,0.7687587766541766,0.057654178178493054
rpsJ-rplCDWB-rpsS-rplV-rpsC-rplP-rpmC-rpsQ,11,Weak,0.18382688787498977,0.2242891478787823,0.04046226000379252
murB-birA,2,Weak,0.6403273924050836,0.6344886845861406,-0.005838707818943023
kdpDE,2,Strong,0.23807583217519615,0.23127803675291253,-0.00679779542228362
rtcBA,2,Strong,-0.08871882099219343,0.5565092796179917,0.6452281006101851
yafDE,2,Weak,0.6536337196488772,0.8221370935273192,0.16850337387844205
cecR-ybhGFSR,4,Weak,0.09763434914679862,0.14095586897744583,0.04332151983064721
upp-uraA,2,Weak,0.626089816296625,0.5071172207259477,-0.1189725955706773
elbB-mtgA,2,Weak,0.1055219437711727,-0.1864633173227851,-0.2919852610939578
fhuACDB,4,Weak,0.5037492232474822,0.6061946041306374,0.10244538088315525
fadIJ,2,,0.40776819602114484,0.731520344124544,0.3237521481033992
ydiJ-menI-ydiH,2,Weak,0.3400373027386032,0.4384654035178111,0.09842810077920788
feoABC,3,Strong,0.32555626255480297,0.5910653142554771,0.2655090517006742
paaXY,2,Weak,0.2508742251403858,0.22200327086607458,-0.028870954274311245
narXL,2,,0.4786862549270309,0.3850169197610631,-0.09366933516596776
ompR-envZ,2,Weak,0.1776722571788626,0.3336426390284269,0.1559703818495643
holD-rimI-yjjG,3,Weak,0.2710744136853244,0.3361455396862849,0.06507112600096049
evgLAS,2,Weak,0.5618481622767415,0.7900217702098778,0.22817360793313635
potFGHI,4,Strong,0.2850671464703477,0.6289888938757529,0.34392174740540515
fecIR,2,Strong,0.17758139618330954,0.18039561990387865,0.002814223720569109
frmRAB,3,Weak,0.4901388892879761,0.7266618904691414,0.23652300118116532
livKHMGF,5,Weak,0.34861791436824613,0.49353999998465126,0.14492208561640513
btsSR,2,Weak,0.13040288979633854,0.23113762280887915,0.1007347330125406
nhaAR,2,Weak,0.41619784612173705,0.49636047603729744,0.08016262991556039
yejABEF,4,Weak,0.102506750479196,0.5231169614153742,0.42061021093617823
seqA-pgm,2,Weak,0.7757319439461894,0.7857895024920551,0.010057558545865763
trmB-yggL,2,Weak,0.269878958239461,0.48883236459120244,0.21895340635174143
rcnAB,2,Weak,0.08988006167841855,-0.2316206921023926,-0.32150075378081117
ymcE-gnsA,2,Weak,0.7374145006262833,0.5292545054810006,-0.20815999514528272
clsA-yciU,2,Weak,0.15277751959812916,0.6796133695780412,0.5268358499799121
gudPXD,2,Weak,0.33172130690790563,0.501211776096153,0.16949046918824734
yfeCD,2,Weak,0.19578734342336787,0.6965746125962213,0.5007872691728534
ypeA-yfeZ,2,Weak,0.10642751835501692,-0.04458307047552497,-0.1510105888305419
rluE-nudJ,2,Weak,0.6947180203565552,0.768370352046535,0.07365233168997987
folE-yeiB,2,Weak,0.2579587188818052,0.5456474239371123,0.2876887050553071
ibpAB,2,Weak,-0.012018157735259867,0.7013829006476231,0.7134010583828829
yjiHG-iadA,2,Weak,0.06043986729741082,0.5022287108810753,0.44178884358366455
ybeZYX-lnt,4,Weak,0.3175877615496258,0.3484584348802369,0.03087067333061111
fecABCDE,5,Weak,0.7402289915105299,0.7343068187105714,-0.005922172799958547
kefGB-yheV,2,Weak,0.27740718723338226,0.620891761839996,0.3434845746066137
metT-leuW-glnUW-metU-glnVX,7,Weak,0.24891772819242397,0.5355374410001524,0.28661971280772847
ybjC-nfsA-rimK-ybjN,4,Weak,0.013557921567200355,0.03965926998567377,0.026101348418473412
ymgGD,2,Weak,0.8953368887998993,0.9307266252719144,0.035389736472015154
udk-dcd,2,,0.16607773964781128,0.3014674731442181,0.13538973349640684
yrdD-rimN-aroE-yrdB,4,Strong,0.2389846962492758,0.3184522543857648,0.07946755813648901
yqaE-kbp,2,Weak,0.4650166876060986,0.659268800125372,0.19425211251927343
yfgHI,2,Weak,0.43257583442915143,0.8420450011884797,0.40946916675932826
hflD-purB,2,Weak,0.007997711733009588,0.12266654263111533,0.11466883089810574
thiMD,2,Weak,0.3689625715160302,0.014657903396183362,-0.35430466811984684
rstAB,2,,0.5336994555905676,0.5637388523860508,0.030039396795483175
yihLM,2,Weak,0.5768039867790155,0.7929161780747065,0.21611219129569104
rpsF-priB-rpsR-rplI,4,,0.03135307960004401,0.06039301868822249,0.02903993908817848
cusRS,2,Strong,-0.04262869623683213,-0.157441866332701,-0.11481317009586886
ptrA-recBD,3,Weak,0.4681775427304628,0.5655223070430565,0.0973447643125937
creABCD,4,Weak,0.08761775785045373,0.44895407090015055,0.3613363130496968
sdaCB,2,Weak,0.8837047371236411,0.8681883676189157,-0.015516369504725347
ygaZH,2,Weak,0.6001168296570196,0.3702036771802352,-0.2299131524767844
pdxB-usg-truA-dedA,4,Weak,0.2651943445936356,0.3537295093615869,0.08853516476795131
rfbBDACX,5,Weak,0.5750313507568698,0.6187776000325366,0.043746249275666726
nrdR-ribDE-nusB-thiL-pgpA,6,Weak,0.3134838971607336,0.3962049318752332,0.0827210347144996
ibaG-murA,2,Weak,0.5858028825565234,0.5565112470037582,-0.02929163555276515
qmcA-ybbJ,2,Weak,0.05934911451743871,0.2654991355155069,0.2061500209980682
minCDE,3,,0.4769337875305726,0.4761146396812201,-0.0008191478493524973
tyrTV-tpr,2,Weak,0.4529289207798803,0.5133521316424389,0.060423210862558585
purMN,2,,0.3291711150241863,0.6419790332985597,0.3128079182743734
rsmD-yhhL,2,Weak,-0.11442621213201704,-0.2844312508110183,-0.17000503867900124
dmsABC,2,Weak,0.18725468181223473,0.15780529553483597,-0.029449386277398765
ygfB-pepP-ubiHI,4,Weak,0.379408162338651,0.5503866288928062,0.17097846655415522
map-glnD-dapD,3,Weak,0.2953670950532262,0.3664978351723614,0.07113074011913517
pabB-nudL,2,Weak,0.15244748255889,0.49789242753613294,0.34544494497724293
purHD,2,,0.3139781081174799,0.5191397035995649,0.20516159548208496
ytjB-lplA,2,Weak,0.2550520281471532,0.6203019647297257,0.36524993658257243
yjiXA,2,Weak,0.08000260356758378,0.7027971541629204,0.6227945505953366
yjeNO,2,Weak,0.2676559406685185,0.4269307876884789,0.15927484701996042
glmUS,2,Weak,0.7576057694533204,0.7419902572720846,-0.015615512181235802
rpsP-rimM-trmD-rplS,4,Strong,0.2506803741838749,0.1586810526451283,-0.0919993215387466
nuoABCEFGHIJKLMN,13,Weak,0.4943690620686718,0.49352358227101445,-0.0008454797976573669
marRAB,3,Weak,0.5534401576029151,0.7632964210914676,0.20985626348855246
fruBKA,3,Weak,0.6847316294430746,0.7262764876027924,0.04154485815971776
ubiT-yhbS,2,Weak,0.4345422449186783,0.2609438496325217,-0.17359839528615661
paaABCDEFGHIJK,2,Weak,-0.13952572129543575,0.5800185210280305,0.7195442423234663
yhfG-fic-pabA,2,Weak,0.3533909227057204,0.7946948749123092,0.44130395220658875
dinG-ybiB,2,Weak,-0.048368793781288666,0.5502308635334939,0.5985996573147826
mnt-btuF-yadS,3,Weak,0.43218889660553145,0.4654113980056079,0.03322250140007643
tolB-pal-ybgF,3,Strong,0.5010789095853668,0.4597256413267859,-0.04135326825858093
sad-glsB-yneG,3,Weak,-0.11401700785847253,0.42567649359668264,0.5396935014551552
yecM-cutC,2,Weak,0.09502095045050375,0.7052209303553154,0.6101999799048117
letAB,2,Weak,0.2885379656625404,0.3293012692413301,0.040763303578789656
rhsD-ybbC-ylbH-ybbD,2,Weak,0.39037980023213165,0.8787696227371092,0.4883898225049776
exbBD,2,Weak,0.24481026040763612,0.37357975814864525,0.12876949774100913
mepK-gloC,2,Weak,0.5576132335134393,0.7102059782861347,0.15259274477269547
folC-dedD,2,Weak,0.5636996960120044,0.4855629088108206,-0.07813678720118383
entCEBA-ybdB,5,Weak,0.5637348907966255,0.6637753954557443,0.10004050465911873
ybjQ-amiD,2,Weak,-0.06945150024680181,0.0484622794281283,0.11791377967493011
sohA-yhaV,2,Weak,0.3900678249116071,0.4675520367775178,0.0774842118659107
leuLABCD,4,Weak,0.1799616665267335,0.6488315491091964,0.46886988258246287
cyoABCDE,5,,0.8014918771098094,0.8024293625775696,0.0009374854677601796
pstSCAB-phoU,5,Weak,0.6117684100177858,0.6482608512023258,0.03649244118453998
iscRSUA,4,Weak,0.47953127587274674,0.4943219161523624,0.01479064027961563
emrRAB,3,Strong,0.1589517149744446,0.30474938779267496,0.14579767281823036
fes-ybdZ-entF-fepE,2,,0.5166539500496531,0.4780798521461562,-0.03857409790349686
gfcBCD,3,Weak,0.32278279008349703,0.5698815376522712,0.2470987475687742
ubiCA,2,,0.5667798637010683,0.6419849500851591,0.07520508638409085
rpsB-tsf,3,,0.5640633000328147,0.5937905764082481,0.029727276375433376
manXYZ-yobD,4,Weak,0.46441681445644384,0.6288576163136443,0.1644408018572005
ycjXF-tyrR,3,Weak,0.132940517753501,0.5286893197500714,0.39574880199657037
fdoGHI-fdhE,4,,0.7869925663005394,0.7014433685840108,-0.08554919771652858
ygiF-glnE,2,Weak,0.20531696834654597,0.5624246200839548,0.35710765173740877
groSL,2,Weak,0.9252820222410748,0.8986129602510569,-0.02666906199001795
hypABCDE-fhlA,4,Weak,0.20342539406534388,0.17902192545432602,-0.02440346861101786
yraIJK,2,Weak,0.12347988580376018,0.8432874149125504,0.7198075291087902
hemA-prfA-prmC,3,Strong,0.530628052857746,0.6835231097943826,0.15289505693663663
rapA-rluA,2,Weak,0.5179811021201884,0.6478478798658993,0.12986677774571087
modABC,3,,0.19651367151356314,0.4482218251517443,0.25170815363818116
bcsABZC,4,Weak,0.29486841001643244,0.5284900867932694,0.23362167677683693
yggSTU-rdgB-hemW,5,Weak,0.2922988018541144,0.3445995747555128,0.052300772901398396
acrAB,2,Weak,0.7478767797554797,0.8201904974329626,0.07231371767748285
serC-aroA,2,Weak,0.7539617852091697,0.7961515633053892,0.04218977809621949
frdABCD,4,Weak,0.14756741142224214,0.3854188425546868,0.23785143113244464
sfsA-dksA,3,Strong,0.38604171927523834,0.4377072087649118,0.05166548948967348
dcuSR,2,Weak,0.28722698583019857,0.6829371919091285,0.3957102060789299
srkA-dsbA,2,Weak,0.0017875559038322312,0.1284965120209219,0.12670895611708968
ecnAB,2,Weak,0.4257335336176286,0.613283819081504,0.18755028546387537
tatABC,4,Weak,0.36667943853181745,0.4307999472085799,0.06412050867676244
pqiABC,3,Weak,0.39074914091105106,0.5055952744502158,0.11484613353916473
thrLABC,3,Weak,0.6285081724379662,0.774246444066257,0.14573827162829078
yciZT,2,Weak,0.473813772865239,0.6264367406267888,0.15262296776154977
pdxH-tyrS-pdxY,3,Weak,-0.018898579071571473,-0.03224410425643986,-0.013345525184868385
ugpBAECQ,3,Weak,0.01417584700174443,0.021703020376574206,0.0075271733748297764
rplM-rpsI,2,Weak,0.169338854242729,0.21985393022263813,0.050515075979909146
chpSB,2,,0.28464666296662616,-0.049814154611374326,-0.3344608175780005
leuQPV,3,Weak,0.2782178706873992,0.4635666858975946,0.18534881521019536
bepA-yfgD,2,Weak,0.15277378497013236,0.3818748063521943,0.22910102138206193
argT-hisJQMP,5,Weak,0.29415508643898536,0.3642619506622184,0.07010686422323303
malXY,2,Weak,0.33329871727067073,0.7647255802838258,0.431426863013155
aceBAK,3,Weak,0.7143376290332885,0.8111257660294219,0.09678813699613342
ackA-pta,2,Strong,0.7925883227031585,0.8510589489098858,0.05847062620672727
gpmM-envC-yibQ,3,Weak,0.2361624745126529,0.22067295003949405,-0.01548952447315885
hiuH-msrPQ,2,Weak,0.1863901002571171,0.7993783282275938,0.6129882279704767
rph-pyrE,2,Weak,-0.05909928793725497,0.6440945896972403,0.7031938776344953
tpke11,2,Weak,0.7813460992548482,0.8164269792913119,0.0350808800364637
rlmE-ftsH,2,Strong,0.4652745124633986,0.49042594954806235,0.02515143708466372
garPLRK-rnpB,2,Weak,-0.1633757495259781,0.31052631469026865,0.47390206421624675
accBC,2,Weak,0.6217674925100664,0.5771956928568232,-0.044571799653243205
glcDEFGBA,2,Weak,-0.10252369347420247,-0.26958362313758116,-0.16705992966337868
yobA-yebZY,3,Weak,0.3798176878681077,0.6546452490209501,0.2748275611528424
flhDC,2,Strong,0.30514953509616344,0.8225990901971599,0.5174495551009965
yadV-htrE,2,Strong,0.6768645338409385,0.9143595646401439,0.23749503079920542
glgBXCAP,5,Weak,0.3550030576312845,0.53676114947018,0.18175809183889557
ydcSTUV-patD,3,Weak,0.31342360081067366,0.6028488148376404,0.28942521402696675
glrR-glnB,2,Weak,0.13744800858988726,0.650272850125978,0.5128248415360908
appCBA-yccB,3,Weak,0.2138059612331481,0.4896017097927483,0.2757957485596002
rirA-rfaQGPSBIJYZ-waaU,10,Weak,0.4889284048271864,0.51316855230132,0.024240147474133555
wcaCDEF-gmd-fcl-gmm-wcaI-cpsBG-wcaJ-wzxC,5,Weak,0.8379044496760601,0.902109744556171,0.06420529488011084
yobF-cspC,2,Weak,0.46772838347032764,0.5477133088357242,0.07998492536539659
nanATEK-yhcH,2,Weak,0.05032807235851063,0.803583307779285,0.7532552354207743
cysJIH,3,,0.04482103305484623,0.584597180745518,0.5397761476906718
ecpBCDE,2,Weak,0.0223111990406311,0.15356649480260862,0.13125529576197753
rnt-lhr,2,Weak,0.17313533874395612,0.3679700786095302,0.19483473986557406
carAB,2,Strong,0.26833063782625655,0.5362618038719876,0.2679311660457311
amiA-hemF,2,Strong,0.34228425853750766,0.6371234878850167,0.29483922934750906
kdtA-coaD,2,,0.49466970591785825,0.63187064409623,0.1372009381783717
cydAB,2,Weak,0.5932992179884387,0.6827597498955206,0.08946053190708192
napFDAGHBC-ccmABCDEFGH,11,,0.13246480164016064,0.23874640905162153,0.1062816074114609
ada-alkB,2,Weak,0.46528674479906756,0.8016256971675191,0.3363389523684515
yjjB-dnaTC-yjjA,3,Weak,0.4614407514172065,0.622922184028679,0.16148143261147258
edd-eda,2,Strong,0.02809329917672345,0.36579144771086136,0.33769814853413793
dapA-nlpB,2,Weak,0.270545621222841,0.5312459765585698,0.2607003553357288
moaABCDE,5,Weak,0.23843350586544604,0.35741178457567535,0.11897827871022931
relBE-hokD,2,Weak,0.06531899170986244,0.7667748293744463,0.7014558376645839
fepDGC,3,,0.31452126374940687,0.22961322440305132,-0.08490803934635555
cmtBA-yggPF-fumE-yggC,2,Weak,0.09059151228827268,0.3714435524220415,0.28085204013376885
mlaFEDCB,5,Weak,0.38905685374274884,0.42539691558382076,0.03634006184107191
yciSM-pyrF-yciH,4,Weak,0.20663810851356668,0.37755863833784664,0.17092052982427997
ychQA-kdsA,3,Weak,0.49061487575248314,0.5960013254685876,0.1053864497161045
glpEGR,2,Weak,0.5184983758060482,0.644576095508468,0.12607771970241977
mutY-yggX-mltC-nupG,4,Weak,0.3550508572188196,0.49570232592806374,0.1406514687092441
macAB,2,Weak,0.184398911778021,0.20514315444790246,0.020744242669881452
bamA-hlpA-lpxD-fabZ-lpxAB-rnhB-dnaE,8,Weak,0.5646675422944124,0.5991071972848563,0.03443965499044388
rpmH-rnpA,2,Weak,0.48865188918097724,0.6077597437526139,0.11910785457163664
gntXY,2,Weak,0.36401873265353035,0.49848009924767606,0.1344613665941457
glpTQ,2,Weak,0.1779533243642345,0.6702355688245802,0.49228224446034574
yibN-grxC-secB-gpsA,4,Weak,0.4751040192836684,0.4671840373207776,-0.007919981962890787
cvpA-purF-ubiX,3,Weak,0.3582182397530495,0.4375016091957093,0.07928336944265979
aroL-yaiA-aroM,3,Weak,0.15098331893083672,0.490197466263963,0.33921414733312627
mdoGH,2,Weak,0.6031376575969591,0.6034503122817001,0.0003126546847409539
talA-tktB,2,Weak,0.7717471698108966,0.9621632251348853,0.19041605532398864
ydjA-selD-topB,3,Weak,0.3323868326526469,0.34640427082032454,0.014017438167677643
rfaDFCL,4,Weak,0.5586911501545337,0.5705254879191514,0.01183433776461762
gntRKU,3,Weak,0.21520029116641348,0.34105277632692205,0.12585248516050856
radA-nadR,3,Weak,0.21432130852172712,0.4344039188790887,0.22008261035736157
ybgIJKL-nei,5,Weak,0.4186860535031377,0.43592014162429055,0.017234088121152846
tapT-patZ,2,Weak,0.19785582104406588,0.43529356373138767,0.2374377426873218
gltI-sroC-gltJKL,5,,0.308343886287617,0.5017574717604582,0.19341358547284115
rssAB,2,Weak,0.35186808547735277,0.4638294073578154,0.11196132188046265
dsbC-recJ-prfB,5,Weak,0.2639628624910445,0.3725278584518729,0.10856499596082841
dhaKLM,3,Weak,0.24083672211512633,0.5910719824989658,0.35023526038383945
rpsA-ihfB,3,Strong,0.2673404617076725,0.18246404622490872,-0.08487641548276378
dcuB-fumB,2,Weak,-0.12631307164311084,0.6610421775721784,0.7873552492152893
clpX-lon,3,Weak,0.5601106660100793,0.5221344615287977,-0.037976204481281584
cobUST,3,Weak,0.4014139355412021,0.49742478435522886,0.09601084881402677
focA-pflB,2,Strong,-0.056549493047931665,0.05610498012310737,0.11265447317103904
nemRA-gloA,3,Weak,0.5644551663122491,0.7639624661729708,0.1995072998607217
recAX,2,Weak,0.2836491766796132,0.5240735720332887,0.24042439535367555
alsRBACE,2,Weak,-0.10216012682473373,0.5065715009261319,0.6087316277508656
nikABCDER,2,Weak,-0.1793051051844841,0.000833607749237543,0.18013871293372163
mreBCD,3,Weak,0.4566490573379201,0.5391175076714195,0.08246845033349942
galETKM,4,Strong,0.5850287383865667,0.43477252898930613,-0.15025620939726053
fucPIKUR,4,Weak,0.25446130112983456,0.7101548153612177,0.45569351423138316
hydN-hypF,2,Weak,-0.17545624902181928,0.7274526711345035,0.9029089201563227
ilvLXG_1G_2MEDA,5,Weak,0.27057355187830534,0.40117784551104696,0.13060429363274162
fldA-uof-fur,3,Weak,0.4010705790794547,0.3587140951268479,-0.04235648395260683
yliM-ompX,2,Weak,0.4676292563614196,0.3970996834765082,-0.0705295728849114
menFD-yfbB-menBCE,6,,0.15363732475830813,0.2877249179471216,0.13408759318881344
holC-valS,2,Weak,0.4472480562742585,0.6145922065491259,0.16734415027486743
gspAB,2,Weak,-0.0778252012631519,0.7313640195553937,0.8091892208185456
hsdRMS,3,Weak,0.3982436438963847,0.49309298446302813,0.0948493405666434
aspA-dcuA,2,Weak,0.48045835201890585,0.7707227663335078,0.2902644143146019
yicR-rpmBG-mutM,4,Weak,0.10534859007266895,0.1624803791910762,0.057131789118407245
pspABCDE,4,Weak,0.10170801350444918,0.41061703355760076,0.3089090200531516
ribF-ileS-lspA-fkpB-ispH,5,Weak,0.489411789597965,0.4957769673803554,0.00636517778239043
dxr-uppS-cdsA,2,Weak,0.6326965786136849,0.5987571295002313,-0.03393944911345359
deoCABD,4,Weak,0.3592871960366289,0.3932565197207365,0.0339693236841076
sdhCDAB-sucABCD-sdhX,8,Weak,0.35764249107074847,0.4225414006085763,0.06489890953782784
pdhR-aceEF-lpdA,4,Strong,0.4701862243101195,0.4542307351815764,-0.01595548912854311
epd-pgk-fbaA,3,Weak,0.5025855347178445,0.5869054726224099,0.08431993790456538
aroKB-damX-dam-rpe-gph-trpS,7,Strong,0.43963982141684804,0.44438691095586524,0.004747089539017202
proVWX,2,Weak,0.15191951875178275,0.17500089923372705,0.023081380481944302
phoPQ,2,Weak,0.1340676333453329,0.5521241625354751,0.41805652919014225
nudB-yebC-ruvC,3,Weak,0.27383316681821485,0.3965579111623756,0.12272474434416075
pth-ychF,2,Strong,0.23863363064357843,0.4179465739395014,0.17931294329592298
alaA-yfbR,2,Weak,0.1446110581560341,0.3704252915662457,0.22581423341021162
yqhD-dkgA,2,Weak,0.06784224233395679,0.796509878314068,0.7286676359801113
yjeFE-amiB-mutL-miaA-hfq-hflXKC,9,Weak,0.37593848275806185,0.38017327313557114,0.00423479037750929
speAB,2,Weak,0.4972554313152732,0.5663523358643756,0.06909690454910239
ptsHI-crr,3,Weak,0.6764724464434858,0.7711536865726275,0.0946812401291417
dpiBA,2,Weak,-0.027928847104398094,-0.002841717255411454,0.02508712984898664
relA-mazEF,4,Weak,0.5546136680212522,0.6991929853413987,0.1445793173201465
dsdXA,2,Weak,0.09779593760924551,0.7074666352651136,0.609670697655868
rplKAJL-rpoBC,6,Weak,0.12212490666711513,0.1838747178808447,0.061749811213729563
gcvTHP,3,Weak,0.48126129325604666,0.7542444445731156,0.2729831513170689
rcsDB,2,Weak,0.5536193970952641,0.48696261976244065,-0.06665677733282344
ahpCF,2,Weak,0.4529106140973116,0.3429811744920691,-0.10992943960524248
lptAB-rpoN-hpf-ptsN-rapZ-npr,11,Weak,0.510575530833101,0.5800500775092126,0.06947454667611153
mhpR-lacI,2,Weak,0.27076306292951485,0.6473693871081634,0.37660632417864853
ynfEFGH-dmsD,4,Weak,0.04289255398292768,0.36645589359090486,0.3235633396079772
dppABCDF,5,Weak,0.6182810736575419,0.7637514399915915,0.14547036633404953
ssrS-ygfA,2,Weak,0.6345302403419841,0.7568267007064418,0.12229646036445763
nrdAB-yfaE,3,Weak,0.7887562843990213,0.858495076509322,0.06973879211030065
nlpD-rpoS,2,Weak,0.6769405541523454,0.6190296560129301,-0.0579108981394153
malPQ,2,Weak,0.18614988936006185,0.580186502947725,0.3940366135876632
surA-pdxA-rsmA-apaGH,6,Weak,0.43785339257107125,0.48975180561783577,0.05189841304676451
pcnB-folK,2,Weak,0.613760402227336,0.6808537624832259,0.06709336025588997
rpmF-plsX-fabHDG,8,Weak,0.26130771832439714,0.2975857674502745,0.03627804912587734
cbrBC,2,Weak,0.5724647683004966,0.8463341057306165,0.2738693374301199
yfiR-dgcN-yfiB,3,Weak,0.16850212849971438,0.5457405217975273,0.37723839329781295
ychJ-purU,2,Weak,0.060494154364991753,0.341520852727763,0.2810266983627713
casDE-ygbTF,2,Weak,-0.008987780709510675,0.0453827160583503,0.054370496767860974
metY-yhbC-nusA-infB-rbfA-truB-rpsO-pnp,11,Weak,0.4225835863626474,0.4831507396015765,0.06056715323892908
mqsRA,2,Weak,0.32618619532459864,0.620448824923751,0.29426262959915234
hisLGDCBHAFI,8,Weak,0.3876012867417585,0.5309321089519564,0.14333082221019794
secG-leuU,2,Weak,0.5001334101609453,0.6836401885287812,0.1835067783678359
rseD-rpoE-rseABC,5,Weak,0.5918694960154103,0.6381688841522194,0.046299388136809116
yajG-ampG,2,Weak,0.37069194531820004,0.33787831307606486,-0.03281363224213518
ymdAB-clsC,2,Weak,0.1838672000224166,0.7549632866079962,0.5710960865855795
gadAX,2,Weak,0.6349523772240566,0.6172761903214525,-0.017676186902604085
rpsLG-fusA-tufA,4,Weak,0.4791941664192511,0.5367095661543021,0.05751539973505099
idnDOTR,2,Strong,-0.34864329263593447,0.2577785000403558,0.6064217926762903
mraZW-ftsLIO-murEF-mraY-murD-ftsW-murGC-ddlB-ftsQAZ-lpxC,16,Weak,0.42927086838276407,0.4584415730333812,0.029170704650617107
gapA-yeaD,2,Weak,0.423790260210364,0.4855363511224579,0.06174609091209393
tolC-ygiBC,3,Strong,0.3472266940455302,0.4386723442342905,0.09144565018876033
oppABCDF,5,Weak,0.7481570674359255,0.7853835315591446,0.03722646412321917
hdeAB-yhiD,2,Weak,0.2628856567402114,0.8804019667796692,0.6175163100394578
ybeD-lipB,2,Weak,0.24278049257381032,0.22050755249274098,-0.022272940081069337
mgtA,2,,0.2623135900198818,0.2973276553362058,0.035014065316324006
degQS,2,Weak,0.3084729841730705,0.5279110080458652,0.2194380238727947
sgrR-sroA-thiBPQ,5,Weak,0.1441375029735646,0.3156554907204098,0.17151798774684524
rnc-era-recO-pdxJ-acpS,5,Weak,0.27209465188956017,0.378767811892786,0.10667316000322585
gltBDF,3,Weak,0.292922597268609,0.3074711100931069,0.014548512824497928
murQP-yfeW,3,Weak,0.30606762183931213,0.8470231420686479,0.5409555202293358
rnlAB,2,Weak,0.235358291054015,0.09718487186199615,-0.13817341919201886
artPIQM,4,Weak,0.3223682092312446,0.44977531099393603,0.12740710176269143
dnaAN-recF,3,Strong,0.9025823185336129,0.8585186480897686,-0.044063670443844294
pyrG-eno,2,Weak,0.22239799506674318,0.3593180886839784,0.13692009361723523
thrS-infC-rpmI-rplT-pheMST-ihfA,7,Weak,0.2490475344064521,0.23154275576440608,-0.017504778642046026
glaH-lhgD-gabDTP-glaR,2,Weak,-0.14900058523447782,0.750976527688926,0.8999771129234038
btuCED,3,Weak,0.13386266761099286,0.45840215635286635,0.3245394887418735
menA-rraA,2,Weak,0.4548020122651032,0.6673906519686498,0.21258863970354658
caiTABCDE,3,Weak,0.14894261212782337,0.5360835480424365,0.3871409359146132
ivbL-ilvBN-uhpABC,5,Weak,0.1688282116954534,0.4057858495738209,0.23695763787836752
fumAC,2,Weak,0.1450287914227393,0.5631466789518453,0.41811788752910606
rpsMKD-rpoA-rplQ,5,Weak,0.24309845845723038,0.2688871150568891,0.025788656599658732
rpsU-dnaG-rpoD,3,Weak,0.2678669165215786,0.36661289960620125,0.09874598308462262
asnC-mioC-mnmG,4,Weak,0.16632909831886744,0.464051552545236,0.29772245422636856
poxB-ltaE-ybjT,4,Weak,0.32463645812651015,0.45665333854854495,0.1320168804220348
glnAZLG,3,Weak,0.17916323712367474,0.19066413381960415,0.011500896695929408
serV-argVYZQ,5,Weak,0.35661259872695994,0.6014510964558925,0.2448384977289325
acs-yjcHG,2,Weak,0.25622785511266083,-0.028116885286216357,-0.2843447403988772
pntAB,2,Weak,0.7088409179617755,0.6989355035696418,-0.00990541439213366
gatYZABCD,5,Weak,0.45094284243304755,0.7019616997090729,0.2510188572760253
